郵遞區號,客戶數,流失數,平均營收,人口估計,滲透率,流失率
92028,43,26,2172.3088372093025,42239,0.10180165250124291,60.46511627906976
92027,38,15,3202.222631578947,48690,0.0780447730540152,39.473684210526315
92122,36,33,2057.0216666666665,34902,0.1031459515214028,91.66666666666666
92117,34,30,2337.745,51213,0.06638939331810283,88.23529411764706
92126,32,28,2407.7396875,74232,0.04310809354456299,87.5
92592,30,18,2653.4813333333336,46171,0.06497585064217799,60.0
92109,27,24,2106.4544444444446,46086,0.058586121598750165,88.88888888888889
92130,22,20,2647.7995454545458,28201,0.07801141803482146,90.9090909090909
92121,20,17,1410.1735,4258,0.4697040864255519,85.0
92129,16,15,2205.98875,47224,0.0338810774182619,93.75
91773,8,7,2162.09375,33878,0.023614144872778794,87.5
90712,7,6,2504.717142857143,30173,0.02319954926589998,85.71428571428571
91605,6,5,1113.9516666666666,57146,0.010499422531760753,83.33333333333334
90028,6,5,5000.546666666666,30568,0.01962836953677048,83.33333333333334
92084,5,1,1881.574,44692,0.011187684596795847,20.0
92086,5,0,3055.8579999999997,1205,0.4149377593360996,0.0
92107,5,0,7069.5,27959,0.01788332916055653,0.0
92111,5,2,3350.1760000000004,46828,0.010677372512172205,40.0
92113,5,2,2865.1240000000003,47431,0.01054162889249647,40.0
92230,5,1,3694.482,2355,0.21231422505307856,20.0
92231,5,1,924.936,27804,0.017983024025320097,20.0
92233,5,1,5020.214,7857,0.06363752068219422,20.0
92234,5,0,5557.7080000000005,43141,0.011589902876613893,0.0
92114,5,1,4253.474,66838,0.0074807744097669,20.0
92118,5,2,3814.446,24093,0.020752915784667744,40.0
92119,5,1,5179.839999999999,21866,0.0228665508094759,20.0
90032,5,1,3919.4700000000003,46960,0.010647359454855196,20.0
90077,5,0,4117.114,10470,0.04775549188156638,0.0
90201,5,0,3856.0480000000002,105285,0.004749014579474759,0.0
90210,5,0,4091.8979999999997,21397,0.02336776183577137,0.0
90211,5,1,2046.024,8321,0.06008893161879582,20.0
90212,5,0,1291.7099999999998,11355,0.044033465433729636,0.0
90220,5,0,3763.754,47305,0.010569707219110032,0.0
90221,5,2,1585.55,51387,0.009730087376184639,40.0
90222,5,0,3279.2520000000004,29825,0.016764459346186086,0.0
90230,5,2,661.3720000000001,31963,0.01564308731971342,40.0
90041,5,2,4206.818,27866,0.017943012990741403,40.0
90042,5,2,2937.2019999999998,64672,0.007731321128154379,40.0
90043,5,1,1826.798,44764,0.01116968992940756,20.0
90044,5,1,5387.404,87383,0.0057219367611549155,20.0
90045,5,1,2246.2120000000004,39334,0.012711648955102456,20.0
90046,5,0,3111.938,49839,0.01003230401894099,0.0
90047,5,1,2468.8460000000005,47107,0.01061413378054217,20.0
90249,5,0,2962.534,26442,0.018909310944709174,0.0
90250,5,1,3734.058,93315,0.005358195359802818,20.0
90254,5,3,1131.1100000000001,18693,0.02674798052747018,60.0
90255,5,3,1764.9959999999999,78114,0.006400901246895563,60.0
90260,5,2,2248.148,33300,0.015015015015015015,40.0
90262,5,2,2224.072,69850,0.0071581961345740875,40.0
90263,5,1,3649.04,11,45.45454545454545,20.0
90265,5,1,2653.7619999999997,19630,0.025471217524197655,20.0
90266,5,0,848.5840000000001,33758,0.014811303987203032,0.0
90064,5,0,5544.442000000001,24505,0.020403999183840033,0.0
90065,5,1,1598.6,47534,0.010518786552783271,20.0
90066,5,2,2715.2,55204,0.009057314687341498,40.0
90067,5,0,3954.504,2527,0.19786307874950534,0.0
90068,5,1,1725.002,21728,0.023011782032400587,20.0
90069,5,1,4064.2239999999997,20408,0.02450019600156801,20.0
90071,5,2,3343.722,21,23.809523809523807,40.0
90290,5,1,4846.004,5451,0.091726288754357,20.0
90291,5,1,7736.7880000000005,31021,0.016118113535991747,20.0
90292,5,3,2786.536,18058,0.027688559087385094,60.0
90293,5,0,3855.228,11264,0.044389204545454544,0.0
90301,5,1,2615.966,37527,0.013323740240360274,20.0
90302,5,1,2768.5780000000004,30779,0.01624484226258163,20.0
90303,5,2,1900.354,27778,0.01799985600115199,40.0
90304,5,1,2691.2599999999998,28680,0.017433751743375175,20.0
90305,5,0,4628.352000000001,13779,0.03628710356339357,0.0
90232,5,1,1063.1799999999998,15195,0.03290556103981573,20.0
90240,5,1,1418.524,24908,0.02007387184840212,20.0
90241,5,1,5036.382,40152,0.012452679816696554,20.0
90242,5,1,2172.56,42459,0.01177606632280553,20.0
90245,5,1,3596.0440000000003,16041,0.031170126550713797,20.0
90247,5,0,2892.032,47758,0.010469450144478412,0.0
90248,5,1,2046.0760000000002,9960,0.0502008032128514,20.0
90503,5,1,3854.6440000000002,41979,0.011910717263393602,20.0
90504,5,2,3479.9739999999997,31678,0.01578382473641013,40.0
90505,5,1,4152.72,34873,0.014337739798698132,20.0
90601,5,0,4589.969999999999,32050,0.015600624024960999,0.0
90602,5,2,3537.376,26265,0.019036740909956214,40.0
90603,5,1,5405.942,19109,0.026165681092678843,20.0
90604,5,0,3877.472,37887,0.01319713886029509,0.0
90605,5,1,3688.9199999999996,38181,0.013095518713496243,20.0
90606,5,1,4672.074,32148,0.015553067064825182,20.0
90270,5,0,3075.9900000000002,28094,0.017797394461450844,0.0
90272,5,2,2754.638,22548,0.022174915735320207,40.0
90274,5,0,2199.038,24979,0.020016814123864045,0.0
90275,5,0,3523.3899999999994,41263,0.012117393306351937,0.0
90277,5,1,2101.8959999999997,34191,0.014623731391301804,20.0
90278,5,0,2670.828,37322,0.013396924066234392,0.0
90280,5,0,6816.37,96267,0.005193887832798363,0.0
90650,5,0,3256.108,103214,0.004844304067277695,0.0
90660,5,2,3270.8239999999996,63288,0.007900391859436228,40.0
90670,5,1,3821.558,16271,0.03072951877573597,20.0
90680,5,1,2550.462,29694,0.016838418535731127,20.0
90701,5,0,5955.396,16398,0.030491523356506893,0.0
90703,5,1,1254.154,51556,0.009698192256963303,20.0
90704,5,2,424.116,3699,0.13517166801838335,40.0
90706,5,2,2655.204,72893,0.006859369212407227,40.0
90710,5,2,2950.714,24660,0.020275750202757504,40.0
90401,5,0,3905.046,5221,0.0957670944263551,0.0
90402,5,1,3837.1400000000003,11509,0.04344426101312017,20.0
90403,5,2,3086.834,23559,0.021223311685555413,40.0
90404,5,0,6209.66,19975,0.025031289111389236,0.0
90405,5,2,3053.672,26099,0.019157822138779264,40.0
90501,5,2,2233.046,40705,0.012283503255128362,40.0
90502,5,2,1878.7960000000003,17058,0.029311759878063077,40.0
90731,5,1,5002.969999999999,58639,0.008526748409761422,20.0
90732,5,1,4978.842,21279,0.023497344800037595,20.0
90740,5,2,3377.382,24180,0.0206782464846981,40.0
90742,5,2,1381.246,1107,0.45167118337850043,40.0
90743,5,0,4039.578,174,2.8735632183908044,0.0
90744,5,0,4683.197999999999,53323,0.00937681675824691,0.0
90745,5,2,2855.656,55486,0.009011282125220777,40.0
90746,5,0,1231.2320000000002,25566,0.01955722443870766,0.0
90802,5,2,3826.2580000000003,38427,0.013011684492674421,40.0
90620,5,2,3102.7,44442,0.011250618784033122,40.0
90621,5,2,2068.948,33528,0.014912908613696015,40.0
90623,5,3,4835.476000000001,15505,0.032247662044501774,60.0
90630,5,0,2928.156,47344,0.010561000337952011,0.0
90631,5,2,1585.362,67354,0.007423464085280756,40.0
90638,5,0,2554.9559999999997,47568,0.010511268079381096,0.0
90640,5,1,4056.096,62425,0.008009611533840609,20.0
90813,5,1,4185.604,63136,0.007919412062848455,20.0
90814,5,1,3709.5440000000003,19034,0.02626878217925817,20.0
90815,5,0,3135.902,38902,0.012852809624183847,0.0
90822,5,1,3471.072,425,1.1764705882352942,20.0
91001,5,1,1896.968,36243,0.01379576745854372,20.0
91006,5,0,1852.1860000000001,30028,0.016651125616091646,0.0
91007,5,1,2188.838,30933,0.016163967284130217,20.0
91010,5,2,1011.8279999999999,27414,0.018238856058947983,40.0
91011,5,1,4736.012000000001,20200,0.024752475247524754,20.0
90713,5,2,3384.0199999999995,27563,0.018140260494140695,40.0
90715,5,0,4411.686,20890,0.023934897079942556,0.0
90716,5,1,4143.136,14852,0.033665499596014004,20.0
90717,5,2,3180.172,21065,0.023736055067647758,40.0
90720,5,1,3179.334,21343,0.023426884692873542,20.0
90723,5,1,4017.142,55306,0.009040610422015694,20.0
91103,5,2,2652.0919999999996,27891,0.01792692983399663,40.0
91104,5,1,2574.7799999999997,38460,0.013000520020800833,20.0
91105,5,2,1977.0019999999997,10253,0.048766214766409834,40.0
91106,5,1,2712.546,23742,0.02105972538118103,20.0
91107,5,3,2513.426,32369,0.015446878185918625,60.0
91108,5,2,1300.7440000000001,13158,0.037999696002431985,40.0
91201,5,0,2274.812,23981,0.020849839456236186,0.0
91202,5,2,1308.556,21990,0.022737608003638016,40.0
91203,5,2,1677.262,14493,0.03449941350997033,40.0
90803,5,0,1223.096,31352,0.015947945904567492,0.0
90804,5,2,2119.43,43467,0.011502979271631353,40.0
90805,5,1,3622.4919999999997,91664,0.005454704136847618,20.0
90806,5,0,4183.836,49647,0.01007110197997865,0.0
90807,5,2,2027.6799999999998,31556,0.015844847255672454,40.0
90808,5,2,3646.9899999999993,37417,0.013362909907261406,40.0
90810,5,3,2035.52,35656,0.014022885348889387,60.0
91302,5,0,2821.756,23661,0.021131820295000214,0.0
91303,5,1,2423.898,23519,0.021259407287724817,20.0
91304,5,2,2802.674,49242,0.010153933633889767,40.0
91306,5,1,3748.5699999999997,43857,0.011400688601591536,20.0
91307,5,0,3467.19,23637,0.02115327664255193,0.0
91311,5,1,2092.9300000000003,35325,0.014154281670205238,20.0
91316,5,1,2192.5,27614,0.018106757441877307,20.0
91320,5,0,2312.852,37779,0.01323486593080812,0.0
91321,5,1,6146.3,30742,0.01626439398867998,20.0
91016,5,1,1911.4559999999997,41067,0.012175225850439526,20.0
91020,5,1,3543.4739999999997,7527,0.06642752756742394,20.0
91024,5,1,3453.4,10558,0.04735745406326956,20.0
91030,5,3,2273.156,23984,0.02084723148765844,60.0
91040,5,1,4915.702,18752,0.02666382252559727,20.0
91042,5,3,2492.838,26753,0.018689492767166298,60.0
91101,5,0,3817.9920000000006,16812,0.029740661432310255,0.0
91343,5,1,2984.296,57017,0.008769314414999035,20.0
91344,5,1,2752.882,48867,0.010231853807272802,20.0
91345,5,2,3563.2419999999997,17112,0.029219261337073397,40.0
91350,5,2,1370.94,40077,0.012475983731317215,40.0
91351,5,2,2851.25,59259,0.008437536914224,40.0
91352,5,1,4254.951999999999,46639,0.010720641523188747,20.0
91354,5,1,2991.25,17846,0.028017482909335426,20.0
91355,5,2,2365.144,24977,0.0200184169435881,40.0
91356,5,2,4143.732,27424,0.01823220536756126,40.0
91204,5,2,4055.69,17015,0.02938583602703497,40.0
91205,5,1,1691.872,41390,0.012080212611741966,20.0
91206,5,3,1282.152,31297,0.015975972137904592,60.0
91207,5,2,2596.7400000000002,9864,0.05068937550689375,40.0
91208,5,1,3268.4260000000004,16910,0.029568302779420463,20.0
91214,5,0,3284.81,29110,0.017176228100309172,0.0
91301,5,2,2128.3759999999997,25303,0.01976050270718887,40.0
91384,5,2,4628.812,22177,0.022545880867565496,40.0
91401,5,1,2746.2259999999997,40376,0.012383594214384784,20.0
91403,5,1,2922.6440000000002,22085,0.022639800769753225,20.0
91405,5,0,4169.429999999999,51348,0.009737477603801512,0.0
91406,5,0,1247.892,50047,0.00999060882770196,0.0
91411,5,3,2610.77,23646,0.02114522540810285,60.0
91423,5,3,2476.078,29387,0.01701432606254466,60.0
91436,5,0,2626.434,13129,0.03808363165511463,0.0
91501,5,3,3409.8779999999997,18112,0.02760600706713781,60.0
91324,5,1,4116.482,25751,0.01941672168071143,20.0
91325,5,1,2435.3900000000003,32307,0.015476522115950105,20.0
91326,5,1,2790.802,28067,0.01781451526703958,20.0
91331,5,2,652.038,97318,0.0051377956801413925,40.0
91335,5,2,3091.9,68018,0.0073509953247669745,40.0
91340,5,1,903.152,33389,0.014974991763754528,20.0
91342,5,1,3908.2019999999998,81986,0.006098602200375674,20.0
90039,5,2,2143.4120000000003,29310,0.0170590242238144,40.0
91606,5,1,3369.096,45358,0.011023413730764143,20.0
91607,5,1,3593.358,27453,0.01821294576184752,20.0
91701,5,0,6182.382,39064,0.012799508498873641,0.0
91702,5,1,5411.958,57775,0.008654262224145393,20.0
91706,5,0,6998.942,76890,0.006502796202367018,0.0
91709,5,0,4987.5740000000005,66754,0.007490187853911376,0.0
91710,5,2,3522.95,75319,0.006638431205937413,40.0
91711,5,2,3596.6159999999995,34716,0.014402580942504897,40.0
91360,5,1,2642.27,42526,0.011757513050839486,20.0
91361,5,1,1809.514,18735,0.02668801708033093,20.0
91362,5,1,3049.82,33057,0.015125389478779077,20.0
91364,5,0,2859.078,25988,0.019239649068800983,0.0
91367,5,1,2271.1040000000003,36123,0.013841596766602996,20.0
91377,5,0,4629.755999999999,14814,0.03375185635209937,0.0
91381,5,2,958.494,9937,0.05031699708161417,40.0
91733,5,1,4047.2,45645,0.010954102311315588,20.0
91737,5,2,1654.2720000000002,23079,0.021664716842150874,40.0
91739,5,1,2536.728,12937,0.03864883667001623,20.0
91740,5,1,2690.592,25135,0.019892580067634773,20.0
91741,5,1,2447.858,24973,0.02002162335322148,20.0
91745,5,1,2929.972,53686,0.009313415043027977,20.0
91746,5,3,2319.874,30802,0.016232712161547952,60.0
91748,5,3,2915.564,46342,0.010789348754909153,60.0
91750,5,0,3615.976,35530,0.014072614691809739,0.0
90038,5,1,5275.08,32562,0.015355322154658806,20.0
91502,5,2,4932.498,11517,0.04341408352869671,40.0
91504,5,1,1336.058,25882,0.019318445251526158,20.0
91505,5,0,2034.5040000000001,29245,0.017096939647803042,0.0
91506,5,0,4142.447999999999,18539,0.02697017099088408,0.0
91602,5,0,3159.1839999999997,16996,0.029418686749823487,0.0
91604,5,0,1539.8020000000001,26157,0.019115341973467908,0.0
91764,5,2,1069.4720000000002,49474,0.010106318470307636,40.0
91765,5,0,2677.2940000000003,46532,0.010745293561420097,0.0
91766,5,1,2222.552,69974,0.007145511189870524,20.0
91767,5,2,3630.9440000000004,46626,0.010723630592373355,40.0
91768,5,2,4755.838,36057,0.013866932911778571,40.0
91770,5,3,3528.3360000000002,61623,0.008113853593625757,60.0
90037,5,2,1222.2900000000002,56709,0.008816942636971204,40.0
91776,5,1,1504.35,38041,0.013143713361899003,20.0
92301,5,1,3647.0979999999995,18980,0.026343519494204423,20.0
92304,5,1,2915.228,42,11.904761904761903,20.0
91722,5,2,1730.718,33817,0.014785462932844428,40.0
91723,5,1,2984.278,17554,0.028483536515893814,20.0
91724,5,0,4299.904,25068,0.019945747566618797,0.0
91730,5,1,4404.214,51970,0.009620935154897056,20.0
91731,5,3,2950.0060000000003,30211,0.01655026314918407,60.0
91732,5,3,2504.6639999999998,62660,0.007979572294924991,60.0
91786,5,0,1752.86,48827,0.010240235935035943,0.0
91789,5,2,1321.176,45118,0.011082051509375416,40.0
91790,5,1,3127.95,44099,0.011338125581078936,20.0
91791,5,1,4809.54,30458,0.01641604832884628,20.0
91792,5,1,2287.692,31622,0.015811776611220036,20.0
91803,5,2,1088.94,30635,0.016321201240411295,40.0
91901,5,3,2275.8720000000003,16486,0.030328763799587526,60.0
91911,5,0,2546.1079999999997,71126,0.007029778140201896,0.0
91913,5,0,2739.732,12884,0.0388078236572493,0.0
91752,5,1,2169.698,18980,0.026343519494204423,20.0
91754,5,1,4761.794,33280,0.015024038461538462,20.0
91755,5,0,7006.474,26933,0.018564586195373704,0.0
91759,5,0,1725.712,47,10.638297872340425,0.0
91761,5,1,1827.35,56280,0.008884150675195452,20.0
91762,5,1,4395.39,54254,0.009215910347624139,20.0
91763,5,1,4055.782,34447,0.014515052109037073,20.0
91916,5,0,3569.8839999999996,1587,0.315059861373661,0.0
91941,5,0,3103.73,44652,0.01119770670966586,0.0
91942,5,1,3895.874,24005,0.02082899395959175,20.0
91945,5,0,6768.606,24961,0.020031248748046952,0.0
91950,5,0,3554.31,62355,0.008018603159329644,0.0
91962,5,0,2762.77,1604,0.3117206982543641,0.0
92242,5,0,2734.9880000000003,1564,0.319693094629156,0.0
92243,5,1,3063.062,43712,0.011438506588579795,20.0
92249,5,2,3546.3720000000003,3535,0.14144271570014144,40.0
92260,5,0,3207.002,29340,0.017041581458759374,0.0
92264,5,1,2525.6220000000003,18884,0.026477441220080493,20.0
92266,5,0,5259.196,291,1.718213058419244,0.0
92268,5,0,6274.476000000001,354,1.4124293785310735,0.0
92270,5,2,2858.948,12465,0.04011231448054552,40.0
91780,5,0,2711.954,32718,0.015282107708295127,0.0
91784,5,0,1428.9940000000001,23331,0.02143071450002143,0.0
91963,5,0,5113.589999999999,905,0.5524861878453038,0.0
91977,5,1,2992.4559999999997,56100,0.008912655971479501,20.0
91978,5,1,2581.028,7863,0.06358896095637798,20.0
91980,5,0,5602.832,91,5.4945054945054945,0.0
92067,5,0,2849.4919999999997,7615,0.06565988181221273,0.0
92070,5,0,4130.464,1143,0.4374453193350831,0.0
92220,5,1,3549.1,25859,0.019335627827835572,20.0
92223,5,1,4936.5160000000005,17721,0.028215112013994695,20.0
92227,5,1,4891.31,23394,0.02137300162434812,20.0
92275,5,0,2178.0,799,0.6257822277847309,0.0
92276,5,1,475.014,6242,0.08010253123998719,20.0
92278,5,1,3837.5020000000004,14104,0.03545093590470788,20.0
92282,5,2,5715.8099999999995,805,0.6211180124223602,40.0
92284,5,0,2474.938,20486,0.024406912037489018,0.0
92239,5,2,3141.54,964,0.5186721991701244,40.0
92241,5,2,2515.5919999999996,5529,0.09043226623259179,40.0
90036,5,1,943.0040000000001,32901,0.015197106470927934,20.0
92025,5,0,2306.76,49281,0.01014589801343317,0.0
90035,5,0,1850.0040000000001,27799,0.01798625849850714,0.0
90034,5,0,2594.9919999999997,58218,0.008588409083101448,0.0
92054,5,0,2069.33,98239,0.0050896283553374935,0.0
90033,5,1,5386.226000000001,49431,0.01011510995124517,20.0
92123,5,1,2362.634,25232,0.019816106531388714,20.0
92124,5,1,3860.9,30206,0.016553002714692445,20.0
92120,5,1,4596.536,25569,0.019554929797802028,20.0
92253,5,1,1969.1560000000002,23971,0.020858537399357557,20.0
92254,5,0,4649.882,8768,0.05702554744525547,0.0
92256,5,0,4043.6880000000006,3499,0.14289797084881395,0.0
92131,5,0,4244.5,29283,0.01707475326981525,0.0
92139,5,1,2358.742,36351,0.013754779785975625,20.0
92173,5,1,2961.492,28488,0.017551249648975007,20.0
92203,5,0,4814.678,2743,0.18228217280349981,0.0
90048,5,2,2738.7740000000003,21739,0.023000138000828004,40.0
90004,5,2,1898.8080000000002,67852,0.007368979543712787,40.0
90003,5,1,1503.0520000000001,58198,0.008591360527853191,20.0
90012,5,1,1938.8020000000001,30596,0.016342005490913844,20.0
90013,5,2,2997.182,9732,0.05137690094533497,40.0
90015,5,1,3465.682,15140,0.03302509907529723,20.0
90018,5,0,3764.9660000000003,47143,0.010606028466580405,0.0
90021,5,0,4943.125999999999,3012,0.16600265604249667,0.0
90022,5,1,2563.968,68701,0.007277914440837834,20.0
90023,5,2,3226.7780000000002,47487,0.01052919746456925,40.0
90007,5,2,2683.432,45025,0.01110494169905608,40.0
90006,5,1,1095.3960000000002,62784,0.0079638124362895,20.0
92064,5,1,5178.0779999999995,47969,0.010423398444828952,20.0
92127,5,1,1980.216,20046,0.024942631946522995,20.0
92128,5,1,1219.31,42733,0.011700559286733905,20.0
90008,5,0,2588.5199999999995,30852,0.016206404771165566,0.0
90027,5,2,964.6939999999998,48727,0.010261251462228333,40.0
90049,5,2,2499.052,33523,0.014915132893834084,40.0
90056,5,3,1466.384,8115,0.06161429451632779,60.0
90057,5,1,3270.1400000000003,44004,0.011362603399690937,20.0
90058,5,2,5276.17,3642,0.1372872048325096,40.0
90059,5,3,2909.776,38128,0.01311372219890894,60.0
90061,5,1,3402.862,24511,0.020399004528579005,20.0
90062,5,3,662.384,29299,0.017065428854227106,60.0
90063,5,2,4398.974,55668,0.008981820794711505,40.0
90024,5,3,1220.9779999999998,44150,0.011325028312570781,60.0
90025,5,1,4568.134,41175,0.012143290831815423,20.0
90026,5,1,1646.036,73686,0.006785549493798008,20.0
90011,5,1,4123.969999999999,101215,0.004939979252087141,20.0
90029,5,2,803.496,41713,0.011986670822045884,40.0
90031,5,1,2985.9399999999996,38415,0.013015749056358194,20.0
90040,5,0,2926.798,9805,0.05099439061703213,0.0
96019,4,1,4228.429999999999,6277,0.06372470925601402,25.0
96107,4,0,3523.3125,1332,0.3003003003003003,0.0
96125,4,3,2613.4325,348,1.1494252873563218,75.0
90014,4,1,3925.4125,3524,0.11350737797956867,25.0
90016,4,1,923.4200000000001,46984,0.008513536523071684,25.0
90017,4,1,2940.1975,20692,0.019331142470520007,25.0
90019,4,0,3936.455,67520,0.0059241706161137445,0.0
90005,4,2,3033.73,43019,0.009298217066877426,50.0
90002,4,0,2748.305,44586,0.008971426008163998,0.0
90001,4,1,2577.9425,54492,0.007340527049842179,25.0
95987,4,2,1265.8149999999998,4579,0.08735531775496833,50.0
95986,4,0,3342.0225,145,2.7586206896551726,0.0
96148,4,2,2666.64,678,0.5899705014749262,50.0
91601,4,3,1513.5675,36625,0.010921501706484642,75.0
96034,4,0,5248.75,392,1.0204081632653061,0.0
96033,4,0,2199.1925,373,1.0723860589812333,0.0
96031,4,0,4727.72,170,2.3529411764705883,0.0
96029,4,1,1834.9725,84,4.761904761904762,25.0
96028,4,1,606.9725000000001,1902,0.2103049421661409,25.0
96027,4,1,4112.842500000001,2156,0.1855287569573284,25.0
96025,4,1,995.53,2602,0.15372790161414296,25.0
96024,4,2,3170.79,960,0.4166666666666667,50.0
96023,4,1,1783.5225,1162,0.34423407917383825,25.0
96022,4,1,1734.69,12348,0.032393909944930355,25.0
96021,4,1,5444.0125,13840,0.028901734104046246,25.0
96020,4,0,3258.2000000000003,2664,0.15015015015015015,0.0
96105,4,0,2327.3,650,0.6153846153846154,0.0
96104,4,0,2171.6375,857,0.4667444574095682,0.0
96103,4,1,1345.83,1839,0.2175095160413268,25.0
96097,4,0,4366.9175000000005,9538,0.04193751310547285,0.0
96096,4,1,6469.370000000001,843,0.4744958481613286,25.0
96094,4,0,5880.485,5896,0.06784260515603799,0.0
96093,4,2,2147.64,3749,0.10669511869831955,50.0
96091,4,2,3647.945,734,0.544959128065395,50.0
96090,4,0,3183.4725,405,0.9876543209876543,0.0
96088,4,1,4849.2575,4231,0.09454029780193808,25.0
92026,4,0,2382.1825,43436,0.009208951100469657,0.0
92116,4,0,6047.93,33083,0.012090801922437505,0.0
92115,4,1,3767.365,56887,0.0070314834672244985,25.0
96085,4,0,3936.9674999999997,88,4.545454545454546,0.0
92110,4,1,2103.5474999999997,24169,0.016550126194712234,25.0
92102,4,0,3844.0924999999997,47140,0.00848536274925753,0.0
92024,4,1,2097.0625,47126,0.008487883546237746,25.0
92021,4,0,3993.02,61872,0.0064649599172485125,0.0
92020,4,0,4979.8975,55277,0.007236282721565931,0.0
92019,4,0,2155.56,40995,0.009757287474082204,0.0
92009,4,1,1477.8825000000002,43161,0.009267625865943792,25.0
92008,4,1,2593.765,35582,0.011241639030970715,25.0
92007,4,0,5696.625,10375,0.038554216867469876,0.0
92078,4,1,2918.875,6760,0.0591715976331361,25.0
92075,4,1,4199.7725,12173,0.032859607327692435,25.0
92069,4,0,3336.0674999999997,52664,0.007595321282090233,0.0
92201,4,2,2493.8375,56307,0.007103912479798249,50.0
92154,4,1,1543.9025,68776,0.00581598231941375,25.0
92259,4,1,3797.9475,471,0.8492569002123143,25.0
92258,4,2,2746.9750000000004,732,0.546448087431694,50.0
92252,4,0,3365.8250000000003,8141,0.04913401302051345,0.0
96106,4,0,3795.4024999999997,88,4.545454545454546,0.0
91948,4,2,3757.58,81,4.938271604938271,50.0
91932,4,1,1962.9275,26662,0.015002625459455406,25.0
91931,4,2,2203.9,796,0.5025125628140703,50.0
92040,4,0,4280.6625,42277,0.009461409276911796,0.0
92037,4,0,2837.42,42617,0.009385925804256517,0.0
92036,4,1,1437.305,3577,0.11182555213866369,25.0
92029,4,1,3288.2025,17944,0.02229157378510923,25.0
91917,4,0,4472.13,727,0.5502063273727648,0.0
91915,4,1,6319.7300000000005,9278,0.04311273981461522,25.0
91914,4,0,3883.965,2606,0.15349194167306215,0.0
92240,4,0,3379.5175,22796,0.017546938059308653,0.0
92236,4,0,2730.7850000000003,23170,0.017263703064307294,0.0
92283,4,0,3376.4975,3663,0.10920010920010921,0.0
92281,4,1,2950.21,2388,0.16750418760469013,25.0
92274,4,1,2308.0475,17018,0.02350452462098954,25.0
92225,4,0,1787.22,24659,0.016221257958554686,0.0
96069,4,2,896.32,829,0.48250904704463204,50.0
96068,4,1,2560.05,240,1.6666666666666667,25.0
96067,4,0,2593.8875,7309,0.054727048843891096,0.0
96065,4,0,3282.155,431,0.9280742459396751,0.0
92273,4,3,2088.52,1632,0.24509803921568626,75.0
92267,4,0,4749.6925,131,3.0534351145038165,0.0
92262,4,1,1319.4250000000002,24924,0.016048788316482106,25.0
92325,4,2,2486.805,10484,0.03815337657382679,50.0
92324,4,1,3200.055,52202,0.007662541665070304,25.0
92321,4,1,1316.52,455,0.8791208791208791,25.0
92320,4,1,1879.5600000000002,7334,0.0545404963185165,25.0
92315,4,0,4066.6075,5447,0.07343491830365338,0.0
92313,4,0,4556.9875,11024,0.036284470246734396,0.0
92310,4,0,1865.8725,9465,0.04226096143687269,0.0
92309,4,1,826.4549999999999,904,0.4424778761061947,25.0
92251,4,1,3948.4875,14546,0.027498968788670426,25.0
92308,4,1,3656.51,28819,0.013879732121170062,25.0
92305,4,1,186.18,301,1.3289036544850499,25.0
91775,4,1,2685.325,23444,0.017061934823408977,25.0
91910,4,1,2111.9325,74025,0.0054035798716649775,25.0
91906,4,2,902.37,3133,0.12767315671879986,50.0
91902,4,1,3061.9625,17389,0.02300304790384726,25.0
91801,4,1,961.9775,54382,0.007355374940237578,25.0
92003,4,1,1666.1650000000002,3849,0.10392309690828788,25.0
92285,4,0,3410.6625,2182,0.18331805682859761,0.0
96084,4,1,1841.1175,459,0.8714596949891068,25.0
96080,4,2,3751.8525,26438,0.01512973749905439,50.0
96076,4,1,1093.1025,215,1.8604651162790697,25.0
96075,4,1,2311.2275,433,0.9237875288683602,25.0
96074,4,3,1655.42,263,1.520912547528517,75.0
96073,4,2,4466.29,4931,0.08111944838775097,50.0
96071,4,3,1202.2250000000001,182,2.197802197802198,75.0
96063,4,2,4847.04,124,3.225806451612903,50.0
96062,4,0,2390.7000000000003,830,0.48192771084337355,0.0
96061,4,1,4364.79,78,5.128205128205128,25.0
96059,4,0,3585.8199999999997,598,0.6688963210702341,0.0
96058,4,0,3559.7275,816,0.49019607843137253,0.0
92354,4,0,2438.3250000000003,18068,0.022138587558113793,0.0
92352,4,0,2672.9300000000003,9793,0.04084550188910446,0.0
92347,4,1,1007.9275,1933,0.20693222969477496,25.0
92345,4,0,3355.4975,68515,0.005838137634094724,0.0
92342,4,0,3994.8525,4948,0.08084074373484236,0.0
92339,4,0,4141.2,958,0.41753653444676403,0.0
92337,4,2,1998.845,29847,0.01340168191107984,50.0
92336,4,1,2103.87,54586,0.007327886271205071,25.0
92335,4,0,3440.9,82630,0.0048408568316592035,0.0
92333,4,1,4522.385,414,0.966183574879227,25.0
92332,4,0,4491.015,115,3.4782608695652173,0.0
92328,4,0,4469.665,443,0.9029345372460496,0.0
92327,4,1,551.6600000000001,678,0.5899705014749262,25.0
92392,4,1,4348.935,63235,0.006325610816794497,25.0
92386,4,1,2655.1025,1834,0.21810250817884408,25.0
92384,4,1,3341.37,87,4.597701149425287,25.0
92382,4,3,3464.7675,5395,0.07414272474513438,75.0
92377,4,2,400.655,18518,0.021600604816934876,50.0
92376,4,0,3949.85,75882,0.005271342347328747,0.0
92373,4,2,3239.1525,31230,0.012808197246237591,50.0
92372,4,0,2760.7425000000003,4280,0.09345794392523366,0.0
92371,4,2,1317.335,12463,0.03209500120356255,50.0
92368,4,1,3156.9474999999998,909,0.44004400440044,25.0
92364,4,0,5222.12,162,2.4691358024691357,0.0
92363,4,0,3174.3725,5488,0.0728862973760933,0.0
92359,4,1,6365.3325,7324,0.05461496450027307,25.0
92358,4,1,7564.555,1090,0.3669724770642202,25.0
92356,4,2,1685.5825,5256,0.076103500761035,50.0
92506,4,2,3039.1225,42425,0.009428403064230996,50.0
92505,4,1,3726.155,38446,0.010404203298132445,25.0
92504,4,0,4959.3875,46550,0.008592910848549946,0.0
92503,4,2,1436.3874999999998,71678,0.005580512849130835,50.0
92501,4,0,1218.035,18999,0.021053739670508973,0.0
92411,4,1,2945.8175,23146,0.017281603732826407,25.0
92410,4,1,2252.055,44556,0.008977466558937068,25.0
92408,4,2,3305.6025,12149,0.03292452053666968,50.0
92407,4,0,3183.54,49355,0.008104548677945496,0.0
92405,4,1,2700.5899999999997,24644,0.016231131309852296,25.0
92404,4,1,4608.349999999999,53636,0.007457677679170706,25.0
92401,4,2,3077.225,1779,0.22484541877459246,50.0
92399,4,1,7441.45,41575,0.009621166566446182,25.0
92398,4,1,1427.07,1195,0.33472803347280333,25.0
92397,4,4,1293.35,4253,0.0940512579355749,100.0
92394,4,1,1664.1025,12083,0.033104361499627574,25.0
92555,4,2,4859.965,12743,0.031389782625755314,50.0
92553,4,0,4031.1825,61205,0.006535413773384527,0.0
92551,4,1,2894.4875,22983,0.017404168298307446,25.0
92549,4,1,2592.4875,3588,0.11148272017837235,25.0
92548,4,2,350.135,4283,0.09339248190520663,50.0
92545,4,0,3365.5600000000004,25694,0.015567836849069821,0.0
92544,4,1,4333.54,39264,0.010187449062754686,25.0
92543,4,1,2143.4625,29687,0.013473911139556035,25.0
92539,4,2,3157.2675,3745,0.1068090787716956,50.0
92536,4,1,2508.38,2433,0.16440608302507193,25.0
92532,4,1,3189.8975,4546,0.08798944126704795,25.0
92530,4,1,1510.1799999999998,38519,0.010384485578545653,25.0
92518,4,2,3274.2925,1005,0.3980099502487562,50.0
92509,4,2,756.6375,63999,0.006250097657775902,50.0
92508,4,1,3706.525,17147,0.02332769580684668,25.0
92507,4,0,3311.435,48649,0.008222162839935045,0.0
92591,4,2,4424.8575,25655,0.01559150263106607,50.0
92590,4,2,5491.099999999999,3070,0.13029315960912052,50.0
91744,4,3,142.8925,84965,0.004707820867415995,75.0
92587,4,1,2628.5,13151,0.03041593795148658,25.0
92586,4,2,1569.2150000000001,18161,0.022025218875612578,50.0
92585,4,0,4112.1675000000005,8692,0.04601932811780948,0.0
92584,4,0,3318.84,14068,0.028433323855558714,0.0
92583,4,1,2646.3925000000004,21349,0.018736240573328962,25.0
92582,4,1,3236.0975,4456,0.08976660682226212,25.0
92571,4,1,1097.82,26357,0.015176234017528552,25.0
92570,4,1,1866.9975,36817,0.010864546269386426,25.0
92567,4,1,4083.3025,7344,0.054466230936819175,25.0
92563,4,2,2777.595,18311,0.021844792747528808,50.0
92562,4,0,6429.93,36149,0.011065313010041771,0.0
92561,4,0,3097.7574999999997,1500,0.26666666666666666,0.0
92557,4,2,4322.81,46214,0.008655385813822651,50.0
92630,4,2,1145.9325,59176,0.00675949709341625,50.0
92629,4,2,173.715,27730,0.0144248106743599,50.0
92627,4,2,1977.625,62069,0.006444440864199519,50.0
92626,4,1,5339.7375,48207,0.008297550148318709,25.0
92625,4,3,1865.6625,13422,0.029801817910892564,75.0
92624,4,1,5223.8425,7465,0.05358338914936369,25.0
92620,4,2,2732.0249999999996,26419,0.015140618494265491,50.0
92618,4,0,3718.13,6301,0.06348198698619266,0.0
92614,4,0,3260.7174999999997,22499,0.017778567936352727,0.0
92612,4,1,1450.2900000000002,41062,0.009741366713749939,25.0
92610,4,2,3076.165,10936,0.0365764447695684,50.0
92606,4,1,2859.8774999999996,17621,0.022700187276545034,25.0
92604,4,0,1728.3225,27369,0.014615075450327012,0.0
92602,4,1,5259.617499999999,2762,0.1448225923244026,25.0
92596,4,0,3577.8725,4093,0.09772782799902273,0.0
92595,4,0,5225.0425,19368,0.020652622883106157,0.0
92675,4,0,2232.5724999999998,34321,0.011654672066664724,0.0
92673,4,0,2606.8325,15297,0.026148918088514085,0.0
92672,4,0,3436.5025,34946,0.011446231328335145,0.0
92663,4,1,356.855,22133,0.018072561333755024,25.0
92662,4,1,5225.1825,3124,0.12804097311139565,25.0
92661,4,2,4675.3625,4242,0.0942951438000943,50.0
92660,4,1,1570.655,28687,0.013943598145501446,25.0
92657,4,1,5602.3875,5597,0.07146685724495265,25.0
92656,4,0,6701.9574999999995,41237,0.009700026675073355,0.0
92655,4,1,4517.7175,8660,0.046189376443418015,25.0
92653,4,0,2344.1875,48273,0.008286205539328403,0.0
92651,4,1,3131.895,25206,0.015869237483138936,25.0
92649,4,0,4143.6,32304,0.012382367508667657,0.0
92648,4,2,3691.1175,42663,0.009375805733305206,50.0
92647,4,1,3922.2875,58764,0.006806888571234088,25.0
92646,4,1,2080.4,56517,0.007077516499460338,25.0
92780,4,1,2942.6925,55062,0.007264538156986669,25.0
92708,4,0,5722.575,54548,0.007332991127080736,0.0
92707,4,2,2444.54,62634,0.00638630775617077,50.0
92706,4,1,2104.6175,37879,0.01055994086433116,25.0
92705,4,2,5720.63,44117,0.009066799646394815,50.0
92704,4,0,2888.4700000000003,91188,0.004386542088871343,0.0
92703,4,0,2480.9125000000004,70011,0.005713387896187742,0.0
92701,4,1,4443.2275,58157,0.006877933868665853,25.0
92694,4,1,2886.7775,350,1.1428571428571428,25.0
92692,4,1,3575.7349999999997,46227,0.00865295173816168,25.0
92691,4,0,6250.21,46371,0.00862608095576977,0.0
92688,4,1,4492.985000000001,42193,0.009480245538359444,25.0
92683,4,0,3643.8575,88230,0.004533605349654313,0.0
92679,4,2,1788.44,32268,0.01239618197595141,50.0
92677,4,0,2314.6974999999998,62103,0.006440912677326377,0.0
92676,4,2,2700.2625,1859,0.21516944593867668,50.0
92841,4,1,3584.3675,31428,0.012727504136438843,25.0
92840,4,0,5532.9225,50641,0.007898738176576292,0.0
92835,4,0,3209.9375,21157,0.018906272155787683,0.0
92833,4,1,6571.3175,46105,0.008675848606441819,25.0
92832,4,0,1912.015,24502,0.016325197943025057,0.0
92831,4,1,5606.2225,34592,0.011563367252543942,25.0
92823,4,2,2790.275,1408,0.2840909090909091,50.0
92821,4,2,177.0875,34055,0.011745705476435178,50.0
92808,4,1,1595.09,19629,0.020378012124917213,25.0
92807,4,2,2679.3825,36301,0.011018980193383102,50.0
92806,4,1,4246.1875,34398,0.011628583057154486,25.0
92805,4,2,1146.945,68802,0.005813784483009215,50.0
92804,4,1,1835.7324999999998,81333,0.004918052942839929,25.0
92802,4,0,2286.505,45086,0.008871933637936388,0.0
92801,4,0,2938.6625,60553,0.0066057833633346,0.0
92782,4,0,4702.97,17494,0.02286498227963873,0.0
92883,4,1,1480.68,13188,0.030330603579011222,25.0
92882,4,1,5227.577499999999,60294,0.006634159286164461,25.0
92881,4,0,3296.1524999999997,21911,0.018255670667701153,0.0
92880,4,0,4762.5125,16998,0.023532180256500765,0.0
92879,4,0,2226.6349999999998,44875,0.008913649025069638,0.0
92870,4,1,6229.0575,48170,0.008303923603902844,25.0
92869,4,1,1682.0724999999998,37916,0.010549636037556704,25.0
92868,4,1,2021.8375,23172,0.017262213015708613,25.0
92867,4,0,3901.3675,40915,0.009776365636074789,0.0
92866,4,0,1976.3300000000002,15396,0.02598077422707197,0.0
92865,4,1,2683.1200000000003,18058,0.022150847269908073,25.0
92861,4,0,1386.5375,5935,0.06739679865206402,0.0
92860,4,1,2455.075,22443,0.01782292919841376,25.0
92845,4,1,990.4875,15878,0.025192089683839278,25.0
92844,4,1,5763.625,23481,0.017035049614582003,25.0
92843,4,1,3921.4625,43491,0.009197305189579452,25.0
93040,4,3,1990.48,1459,0.2741603838245374,75.0
93035,4,1,2143.625,25322,0.015796540557617884,25.0
93033,4,0,3702.3549999999996,77791,0.005141983005746166,0.0
93030,4,2,1422.4225,79736,0.005016554630279924,50.0
93023,4,1,3563.7475,21633,0.018490269495677898,25.0
93022,4,1,3685.545,6503,0.06151007227433493,25.0
93021,4,2,2454.6,32984,0.01212709192335678,50.0
93015,4,0,3618.9625,16013,0.024979703990507713,0.0
93013,4,1,4550.2725,17409,0.022976621287839623,25.0
93012,4,1,5023.7575,24945,0.016035277610743637,25.0
93010,4,3,2251.5825,42853,0.009334235642778802,75.0
93004,4,0,4284.805,27381,0.014608670245790876,0.0
93003,4,2,3687.0725,46894,0.008529875890305795,50.0
93001,4,2,2631.84,32899,0.012158424268214839,50.0
92887,4,2,3880.9525,20893,0.01914516823816589,50.0
92886,4,1,5556.0599999999995,39458,0.010137361244867962,25.0
93202,4,2,406.8625,2872,0.1392757660167131,50.0
93201,4,3,2965.1625000000004,1054,0.3795066413662239,75.0
93117,4,0,4573.5275,49975,0.0080040020010005,0.0
93111,4,0,1225.6875,16477,0.024276263882988407,0.0
93110,4,4,5146.905,15757,0.025385542933299487,100.0
93109,4,0,1050.6999999999998,10986,0.03640997633351538,0.0
93108,4,2,2912.055,12741,0.031394709991366454,50.0
93105,4,1,2427.6074999999996,25771,0.0155213224166699,25.0
93103,4,1,2991.3925,20893,0.01914516823816589,25.0
93101,4,2,3877.2174999999997,31727,0.012607558231159579,50.0
93067,4,3,1986.5225,576,0.6944444444444444,75.0
93066,4,2,3414.5175,2966,0.13486176668914363,50.0
93065,4,1,3744.0699999999997,64802,0.006172648992315052,25.0
93063,4,0,3228.9449999999997,49027,0.008158769657535644,0.0
93060,4,2,6100.31,32511,0.012303528036664515,50.0
93041,4,1,2366.7725,25634,0.015604275571506591,25.0
93225,4,0,3741.7200000000003,4498,0.08892841262783459,0.0
93224,4,3,656.68,626,0.6389776357827476,75.0
93223,4,1,3739.215,8644,0.04627487274409996,25.0
93222,4,1,2882.9100000000003,1526,0.2621231979030144,25.0
93221,4,3,942.105,13333,0.030000750018750466,75.0
93219,4,1,3379.1725,9318,0.042927666881305,25.0
93218,4,1,1181.4175,823,0.48602673147023084,25.0
93215,4,2,3986.6075,37280,0.01072961373390558,50.0
93212,4,1,3939.2700000000004,23506,0.017016931847187954,25.0
93210,4,2,3473.6325,18036,0.022177866489243733,50.0
93208,4,2,2677.05,191,2.094240837696335,50.0
93207,4,1,1851.1000000000001,226,1.7699115044247788,25.0
93206,4,2,2030.7524999999998,2078,0.192492781520693,50.0
93205,4,3,1187.4099999999999,1954,0.2047082906857728,75.0
93204,4,3,3526.79,14697,0.02721643872899231,75.0
93203,4,0,3412.655,16206,0.024682216463038382,0.0
93251,4,2,2412.0825,302,1.3245033112582782,50.0
93250,4,0,2183.3025,10781,0.03710230961877377,0.0
93249,4,0,4136.495000000001,2502,0.15987210231814547,0.0
93247,4,1,4820.495,15508,0.025793139025019347,25.0
93245,4,1,1888.7325,30419,0.013149676189223842,25.0
93244,4,2,4319.5925,293,1.3651877133105803,50.0
93243,4,1,878.425,1247,0.32076984763432237,25.0
93242,4,0,4753.6325,2900,0.13793103448275862,0.0
93241,4,0,3344.065,15364,0.02603488674824265,0.0
93240,4,0,4633.099999999999,5564,0.07189072609633358,0.0
93239,4,0,3276.6775,1809,0.22111663902708678,0.0
93238,4,1,3375.0325000000003,1873,0.21356113187399892,25.0
93235,4,1,2539.8824999999997,4517,0.08855435023245517,25.0
93234,4,2,3260.5,6918,0.057820179242555655,50.0
93230,4,0,4239.9275,53204,0.007518231711901361,0.0
93226,4,0,5183.83,296,1.3513513513513513,0.0
93277,4,2,2948.07,44741,0.008940345544355289,50.0
93276,4,0,7213.155,236,1.694915254237288,0.0
93274,4,1,2786.37,56101,0.007129997682750753,25.0
93271,4,0,1953.115,2318,0.1725625539257981,0.0
93270,4,1,2654.36,5868,0.0681663258350375,25.0
93268,4,2,1888.1474999999998,14937,0.026779139050679523,50.0
93267,4,1,1780.9225000000001,5689,0.07031112673580593,25.0
93266,4,1,2837.4049999999997,1729,0.23134759976865238,25.0
93265,4,0,4593.6925,3546,0.1128031584884377,0.0
93263,4,2,2143.9175,15177,0.026355669763457865,50.0
93262,4,1,1687.5525,56,7.142857142857142,25.0
93261,4,1,1137.0275,2956,0.13531799729364005,25.0
93260,4,1,2304.325,266,1.5037593984962405,25.0
93257,4,1,3520.3575,65566,0.006100722935667877,25.0
93256,4,0,4421.3099999999995,4198,0.09528346831824679,0.0
93254,4,1,2030.1200000000001,798,0.5012531328320802,25.0
93312,4,1,2038.415,40836,0.009795278675678323,25.0
93309,4,0,2532.1875,58632,0.006822213125938055,0.0
93308,4,0,3480.7675,44915,0.00890571078704219,0.0
93307,4,0,2647.7275,59195,0.006757327476982854,0.0
93306,4,1,1756.48,53481,0.007479291711074962,25.0
93305,4,0,3155.8625,35643,0.0112223999102208,0.0
93304,4,0,3737.6475,44588,0.008971023593792052,0.0
93301,4,0,5418.8575,12963,0.030857054694129443,0.0
93291,4,0,3839.27,36718,0.010893839533743668,0.0
93287,4,2,1161.6575,88,4.545454545454546,50.0
93286,4,0,4019.175,8870,0.04509582863585118,0.0
93283,4,0,1603.76,1935,0.20671834625322996,0.0
93280,4,1,2831.0924999999997,22760,0.01757469244288225,25.0
93434,4,1,3646.9775,5726,0.069856793573175,25.0
93433,4,0,1963.59,13106,0.03052037234854265,0.0
93432,4,0,2695.8025,1203,0.3325020781379884,0.0
93430,4,0,3275.81,3220,0.12422360248447205,0.0
93429,4,1,3250.655,210,1.9047619047619049,25.0
93428,4,0,5936.3575,6526,0.061293288384921846,0.0
93427,4,2,3012.885,4644,0.08613264427217916,50.0
93426,4,2,1406.9099999999999,1363,0.293470286133529,50.0
93424,4,0,3022.3275,812,0.49261083743842365,0.0
93422,4,0,2728.2475,29539,0.013541419817867903,0.0
93420,4,0,1271.82,24499,0.016327197028450143,0.0
93402,4,1,880.115,14859,0.026919711959082035,25.0
93401,4,2,1509.8825000000002,27047,0.014789070876622176,50.0
93313,4,0,2709.6875,25126,0.015919764387487066,0.0
93460,4,0,1998.125,5710,0.07005253940455342,0.0
93458,4,0,6738.77,43684,0.009156670634557275,0.0
93455,4,0,1656.7425,37364,0.010705491917353602,0.0
93454,4,0,818.9575,30540,0.01309757694826457,0.0
93453,4,0,3508.9375,2687,0.14886490509862302,0.0
93452,4,0,2751.8025,471,0.8492569002123143,0.0
93451,4,0,2542.2275,2666,0.15003750937734434,0.0
93450,4,0,2875.135,670,0.5970149253731344,0.0
93446,4,0,3239.0725,35586,0.011240375428539314,0.0
93444,4,2,4423.075,15405,0.02596559558584875,50.0
93442,4,1,1026.4025,10909,0.03666697222476854,25.0
93441,4,0,2286.4775,1317,0.30372057706909644,0.0
93526,4,1,1330.6175,734,0.544959128065395,25.0
93523,4,1,1602.8525,7685,0.05204944697462589,25.0
93522,4,0,4394.815,64,6.25,0.0
93518,4,1,1115.6625,1022,0.3913894324853229,25.0
93517,4,0,2610.3175,826,0.48426150121065376,0.0
93516,4,1,1464.04,2241,0.178491744756805,25.0
93514,4,0,3389.7825000000003,13309,0.030054850101435118,0.0
93513,4,1,7025.8875,1826,0.21905805038335158,25.0
93512,4,1,4154.805,340,1.1764705882352942,25.0
93510,4,0,3039.09,7831,0.051079044821861826,0.0
93505,4,0,3558.21,8316,0.0481000481000481,0.0
93465,4,3,4306.425,7918,0.050517807527153326,75.0
93463,4,1,3822.2074999999995,7958,0.050263885398341285,25.0
93461,4,0,5303.82,1255,0.3187250996015936,0.0
93553,4,3,5216.9875,1613,0.24798512089274644,75.0
93552,4,1,3424.1,25370,0.015766653527788728,25.0
93551,4,1,2006.16,34045,0.01174915552944632,25.0
93550,4,1,1894.1675,67232,0.005949547834364588,25.0
93549,4,1,1087.0775,318,1.257861635220126,25.0
93546,4,0,2395.34,8217,0.04867956675185591,0.0
93544,4,0,2959.8625,1220,0.32786885245901637,0.0
93543,4,0,2542.0225,11198,0.03572066440435792,0.0
93541,4,1,5453.925,504,0.7936507936507936,25.0
93536,4,2,1985.5125,49309,0.008112109351234055,50.0
93535,4,2,1662.8375,57794,0.006921133681697062,50.0
93534,4,1,474.8075,35109,0.011393090090859892,25.0
93532,4,2,5235.52,2771,0.1443522194153735,50.0
93531,4,3,1843.2250000000001,1436,0.2785515320334262,75.0
93530,4,0,2285.6,71,5.633802816901409,0.0
93529,4,0,3290.67,618,0.6472491909385114,0.0
93612,4,2,1456.1174999999998,33856,0.011814744801512287,50.0
93611,4,0,2843.3,46858,0.008536429211660763,0.0
93610,4,0,2010.3899999999999,19391,0.02062812645041514,0.0
93609,4,0,1429.4875000000002,5446,0.07344840249724569,0.0
93608,4,1,3881.9174999999996,1766,0.22650056625141565,25.0
93606,4,3,2090.47,807,0.49566294919454773,75.0
93605,4,1,2430.3675,273,1.465201465201465,25.0
93604,4,1,3037.8025,613,0.6525285481239804,25.0
93603,4,1,2435.5950000000003,273,1.465201465201465,25.0
93602,4,0,961.3675,3464,0.11547344110854503,0.0
93601,4,1,2334.09,1968,0.20325203252032523,25.0
93591,4,3,2473.7325,6787,0.058936201561809336,75.0
93563,4,1,6054.4125,413,0.9685230024213075,25.0
93561,4,1,2027.2775,25805,0.015500871924045728,25.0
93560,4,1,3162.9925000000003,14931,0.026789900207621727,25.0
93554,4,1,1398.2825000000003,117,3.418803418803419,25.0
93634,4,0,4930.202499999999,52,7.6923076923076925,0.0
93631,4,1,4677.6075,14088,0.028392958546280524,25.0
93630,4,1,1259.85,14062,0.028445455838429813,25.0
93628,4,2,3473.9725,93,4.301075268817205,50.0
93627,4,1,1813.21,152,2.631578947368421,25.0
93626,4,1,3197.1675,1125,0.35555555555555557,25.0
93625,4,1,2617.2975,5635,0.0709849157054126,25.0
93624,4,2,5164.685,1852,0.21598272138228944,50.0
93623,4,0,3363.3925,77,5.194805194805195,0.0
93622,4,0,664.7225000000001,9491,0.04214519018017068,0.0
93621,4,1,2183.93,506,0.7905138339920948,25.0
93620,4,0,630.5875,9388,0.04260758414997869,0.0
93618,4,3,909.0925,24206,0.016524828554903743,75.0
93616,4,0,5301.085,1965,0.2035623409669211,0.0
93615,4,1,2421.5725,5519,0.07247689798876608,25.0
93614,4,0,4679.0425,9395,0.04257583821181479,0.0
93656,4,1,3667.8625,5729,0.0698202129516495,25.0
93654,4,0,2892.5975,25923,0.015430312849593026,0.0
93653,4,0,3856.495,972,0.411522633744856,0.0
93652,4,0,6338.8525,265,1.509433962264151,0.0
93651,4,1,5857.6075,1314,0.30441400304414,25.0
93650,4,1,3408.955,3258,0.12277470841006752,25.0
93648,4,1,4067.7749999999996,12587,0.031778819416858665,25.0
93647,4,2,3020.9775,9780,0.0408997955010225,50.0
93646,4,0,2371.02,8449,0.04734288081429755,0.0
93645,4,0,2426.4925000000003,173,2.312138728323699,0.0
93644,4,1,4233.9425,8521,0.046942847083675625,25.0
93643,4,1,2049.115,3376,0.11848341232227488,25.0
93641,4,1,5074.7175,571,0.7005253940455342,25.0
93638,4,2,2507.6975,49247,0.008122322171908948,50.0
93637,4,1,5066.5825,28434,0.014067665470915102,25.0
93635,4,0,3028.9575,29124,0.01373437714599643,0.0
93705,4,1,2262.1075,35451,0.011283179600011283,25.0
93704,4,0,6149.462500000001,26580,0.015048908954100828,0.0
93703,4,1,2094.755,31180,0.01282873636946761,25.0
93702,4,3,3914.955,47999,0.008333506948061417,75.0
93701,4,0,4930.7525000000005,13858,0.028864193967383458,0.0
93675,4,2,1457.645,3146,0.12714558169103624,50.0
93673,4,1,1455.2050000000002,646,0.6191950464396285,25.0
93669,4,0,2610.205,327,1.2232415902140672,0.0
93668,4,2,4472.52,1130,0.35398230088495575,50.0
93667,4,1,5301.3375,2633,0.1519179642992784,25.0
93666,4,0,3334.5375,306,1.3071895424836601,0.0
93665,4,3,4042.2775,343,1.1661807580174928,75.0
93664,4,2,1833.105,642,0.6230529595015576,50.0
93662,4,2,403.3825,26213,0.015259604013275857,50.0
93660,4,1,2198.2375,4318,0.09263547938860583,25.0
93657,4,1,3908.39,28991,0.013797385395467559,25.0
93921,4,1,5148.0975,2966,0.13486176668914363,25.0
93908,4,1,2792.755,13027,0.03070545789514086,25.0
93907,4,0,1085.44,22292,0.017943656917279744,0.0
93906,4,1,2233.6124999999997,53946,0.007414822229637045,25.0
93905,4,0,5079.715,58548,0.0068320010931201755,0.0
93901,4,2,3503.5174999999995,35739,0.01119225495956798,50.0
93728,4,0,3945.8825,16346,0.02447081854888046,0.0
93727,4,0,5744.0375,54701,0.00731248057622347,0.0
93726,4,1,1884.8400000000001,39148,0.010217635639113109,25.0
93725,4,0,3506.2799999999997,21010,0.01903855306996668,0.0
93722,4,1,1784.1100000000001,60889,0.006569331077862998,25.0
93721,4,1,943.9099999999999,6848,0.05841121495327102,25.0
93720,4,1,1382.99,45087,0.008871736864284606,25.0
93710,4,0,3061.8275000000003,29337,0.013634659303950641,0.0
93706,4,2,3422.3475,35790,0.011176306230790724,50.0
96057,4,0,1644.17,1586,0.25220680958385877,0.0
96056,4,1,1847.535,1554,0.2574002574002574,25.0
96055,4,1,4857.5599999999995,3756,0.10649627263045794,25.0
96054,4,0,2525.9725,386,1.0362694300518136,0.0
96052,4,3,1924.66,1845,0.21680216802168023,75.0
96051,4,1,3381.2825,1236,0.3236245954692557,25.0
96050,4,2,2366.785,482,0.8298755186721992,50.0
96048,4,0,4242.0575,734,0.544959128065395,0.0
96047,4,1,3731.1400000000003,911,0.43907793633369924,25.0
96046,4,0,1541.8625,268,1.4925373134328357,0.0
96044,4,1,2227.14,1026,0.3898635477582846,25.0
96040,4,2,1990.585,397,1.0075566750629723,50.0
96039,4,2,3029.5375,1294,0.3091190108191654,50.0
96038,4,0,1180.0900000000001,616,0.6493506493506493,0.0
96037,4,1,3626.9475,295,1.3559322033898304,25.0
96035,4,0,2280.435,3357,0.11915400655347036,0.0
93962,4,0,2986.6775,407,0.9828009828009828,0.0
93960,4,0,3847.7875,13003,0.03076213181573483,0.0
93955,4,2,3889.5049999999997,38244,0.01045915699194645,50.0
93954,4,2,1437.5875,521,0.7677543186180422,50.0
93953,4,1,4056.5175,4602,0.0869187309865276,25.0
93950,4,1,589.33,15449,0.02589164347206939,25.0
93940,4,0,4822.51,32857,0.012173965973765103,0.0
93933,4,3,1390.9175,21759,0.018383197757249874,75.0
93932,4,2,3366.2175,538,0.7434944237918215,50.0
93930,4,1,6003.7625,14477,0.02763003384679146,25.0
93928,4,2,3623.975,254,1.574803149606299,50.0
93927,4,1,2950.79,14204,0.028161081385525203,25.0
93926,4,0,3885.545,9023,0.04433115371827552,0.0
93925,4,1,4016.96,1140,0.3508771929824561,25.0
93924,4,1,3475.5924999999997,6691,0.05978179644298311,25.0
93923,4,1,2922.0125,13121,0.03048548128953586,25.0
94038,4,0,4234.165,3064,0.13054830287206268,0.0
94037,4,0,4196.3949999999995,2346,0.17050298380221654,0.0
94030,4,1,1290.6599999999999,20350,0.019656019656019656,25.0
94028,4,1,4265.74,6601,0.06059687926071808,25.0
94027,4,2,2962.855,6876,0.058173356602675974,50.0
94025,4,0,5142.74,39062,0.010240131073677742,0.0
94024,4,1,5811.844999999999,21496,0.018608113137327877,25.0
94022,4,0,1179.15,18486,0.021637996321540624,0.0
94021,4,2,1605.9250000000002,148,2.7027027027027026,50.0
94020,4,0,1729.8325,1622,0.2466091245376079,0.0
94019,4,1,5129.227500000001,17929,0.022310223659992193,25.0
94015,4,1,3506.055,63337,0.006315423843882722,25.0
94014,4,4,1182.905,47453,0.008429393294417635,100.0
94010,4,2,838.8025,40346,0.009914241808357706,50.0
94005,4,1,2629.0099999999998,3635,0.11004126547455295,25.0
94002,4,1,3690.1749999999997,25566,0.01564577955096613,25.0
94089,4,1,4415.5675,16985,0.023550191345304682,25.0
94087,4,0,4413.3225,50070,0.00798881565807869,0.0
94086,4,1,3870.8224999999998,64010,0.0062490235900640526,25.0
94080,4,2,1362.4225,60599,0.006600768989587287,50.0
94074,4,0,793.7775,291,1.3745704467353952,0.0
94070,4,0,2481.835,28098,0.014235888675350559,0.0
94066,4,1,1578.13,39566,0.010109690137997271,25.0
94065,4,0,4252.1525,10658,0.03753049352598987,0.0
94063,4,1,4388.952499999999,32368,0.012357884330202669,25.0
94062,4,1,4366.675,25569,0.01564394383824162,25.0
94061,4,1,3426.1925,35737,0.011192881327475725,25.0
94060,4,1,3276.36,2055,0.19464720194647203,25.0
94044,4,0,4175.495,38885,0.010286742960010286,0.0
94043,4,2,5023.665,27822,0.01437711163827187,50.0
94041,4,0,2543.13,13483,0.029666988059037308,0.0
94040,4,2,2854.1475,32143,0.012444389136048284,50.0
94121,4,1,2967.5150000000003,42476,0.009417082587814294,25.0
94118,4,0,3138.6075,38955,0.010268258246694905,0.0
94117,4,2,3436.91,38756,0.01032098255753948,50.0
94116,4,0,2330.245,42959,0.009311203705859075,0.0
94115,4,1,1560.65,33122,0.01207656542479319,25.0
94114,4,3,3849.0025,30587,0.013077451204760192,75.0
94112,4,1,2811.1075,73117,0.005470683972263632,25.0
94111,4,0,2082.1075,3337,0.11986814504045551,0.0
94110,4,1,5077.9025,74641,0.00535898500823944,25.0
94109,4,1,3718.525,56330,0.007101011894194923,25.0
94108,4,2,1217.4950000000001,13723,0.02914814544924579,50.0
94107,4,1,4916.4425,17372,0.023025558369790467,25.0
94105,4,2,2154.9175,2066,0.1936108422071636,50.0
94104,4,2,4709.545,384,1.0416666666666665,50.0
94103,4,0,2694.8075,23036,0.017364125716270183,0.0
94102,4,1,1778.24,28998,0.013794054762397407,25.0
94401,4,1,918.6300000000001,32488,0.012312238364934745,25.0
94306,4,1,961.895,24492,0.016331863465621425,25.0
94305,4,0,3000.3824999999997,13386,0.029881966233378153,0.0
94304,4,2,1542.225,1723,0.2321532211259431,50.0
94303,4,1,3749.44,45499,0.008791402008835358,25.0
94301,4,0,4040.8175,16198,0.024694406716878628,0.0
94134,4,0,1798.1075,40137,0.009965866905847472,0.0
94133,4,0,1973.2775,26831,0.014908128657150311,0.0
94132,4,2,3820.0775,26297,0.015210860554435867,50.0
94131,4,1,2685.6775,27906,0.014333835017558947,25.0
94130,4,3,1606.55,1458,0.2743484224965706,75.0
94129,4,1,4560.41,2240,0.17857142857142858,25.0
94127,4,2,2679.955,20643,0.019377028532674517,50.0
94124,4,0,5179.8375,33177,0.012056545196973807,0.0
94123,4,2,1906.205,22920,0.017452006980802792,50.0
94122,4,2,2094.8799999999997,55504,0.007206687806284232,50.0
94517,4,1,2071.6625,14239,0.028091860383453897,25.0
94515,4,1,3556.7625,7384,0.054171180931744306,25.0
94514,4,3,3636.435,10153,0.039397222495814045,75.0
94513,4,0,3579.1,26577,0.015050607668284607,0.0
94512,4,1,3369.1549999999997,138,2.898550724637681,25.0
94511,4,0,4202.14,2379,0.16813787305590583,0.0
94510,4,0,2339.9,25578,0.01563843928375948,0.0
94509,4,2,4729.6075,90891,0.004400875774279082,50.0
94508,4,1,4165.1175,3641,0.10985992859104642,25.0
94507,4,0,7606.115,15187,0.02633831566471324,0.0
94506,4,0,5327.7725,19777,0.02022551448652475,0.0
94502,4,0,1579.565,13996,0.02857959416976279,0.0
94501,4,0,1943.6,58555,0.006831184356587823,0.0
94404,4,0,3825.7125,31882,0.012546264349789851,0.0
94403,4,1,4479.895,37926,0.010546854400674998,25.0
94402,4,3,976.6975000000001,23393,0.017099132219039886,75.0
94544,4,1,3248.61,72993,0.005479977532092118,25.0
94542,4,1,1568.1425,11147,0.03588409437516821,25.0
94541,4,1,5247.8325,60274,0.006636360619836083,25.0
94539,4,3,1502.14,46917,0.00852569431123047,75.0
94538,4,2,1584.205,56126,0.0071268217938210456,50.0
94536,4,0,7647.6475,66543,0.0060111506845197836,0.0
94535,4,2,4630.8275,9978,0.04008819402685909,50.0
94533,4,2,2883.285,77683,0.005149131727662423,50.0
94530,4,0,4733.305,23141,0.017285337712285555,0.0
94526,4,1,4348.8925,32873,0.012168040641255741,25.0
94525,4,2,1572.96,3193,0.1252740369558409,50.0
94523,4,1,4146.36,32685,0.012238029677221967,25.0
94521,4,2,2714.365,39888,0.01002807862013638,50.0
94520,4,3,134.14000000000001,36186,0.011053998784060133,75.0
94519,4,1,3231.2825,18650,0.021447721179624665,25.0
94518,4,0,3482.585,27394,0.014601737606775208,0.0
94565,4,1,5061.955,78816,0.005075111652456354,25.0
94564,4,2,2815.2650000000003,16717,0.023927738230543758,50.0
94563,4,1,2031.0625,17964,0.0222667557336896,25.0
94561,4,1,4064.9999999999995,27607,0.01448907885681168,25.0
94560,4,0,3067.435,42491,0.009413758207620438,0.0
94559,4,1,1517.24,26894,0.014873205919535955,25.0
94558,4,2,5822.865,63947,0.006255180070996294,50.0
94556,4,2,914.075,16510,0.024227740763173834,50.0
94555,4,2,791.6225000000001,33883,0.011805330106543103,50.0
94553,4,2,3926.7325,46677,0.00856953103241425,50.0
94552,4,0,5429.4375,13212,0.030275507114744173,0.0
94550,4,1,3661.1400000000003,75929,0.005268079389956407,25.0
94549,4,1,2851.3275,23996,0.01666944490748458,25.0
94547,4,0,2367.5675,22479,0.017794385871257618,0.0
94546,4,1,1306.5900000000001,41698,0.009592786224758981,25.0
94545,4,2,3202.9075000000003,27311,0.01464611328768628,50.0
94587,4,2,1402.0049999999999,66472,0.006017571308220003,50.0
94586,4,1,3056.905,790,0.5063291139240507,25.0
94585,4,0,2819.2225,39279,0.010183558644568344,0.0
94583,4,1,1539.33,44078,0.009074821906620083,25.0
94580,4,1,1812.24,26240,0.01524390243902439,25.0
94579,4,1,2970.7349999999997,19815,0.020186727226848347,25.0
94578,4,0,2059.9725,36568,0.010938525486764385,0.0
94577,4,0,2217.6275,41871,0.009553151345800197,0.0
94576,4,2,2740.2650000000003,223,1.7937219730941705,50.0
94574,4,2,3980.6525,9423,0.04244932611694789,50.0
94572,4,2,3862.425,8506,0.04702562896778745,50.0
94571,4,1,2635.6549999999997,5246,0.07624857033930614,25.0
94569,4,2,2000.845,173,2.312138728323699,50.0
94568,4,2,2446.26,29636,0.013497098123903362,50.0
94567,4,3,2277.975,494,0.8097165991902834,75.0
94566,4,1,2265.8175,36669,0.010908396738389375,25.0
94608,4,2,3033.2125,24589,0.016267436658668512,50.0
94607,4,1,5507.0425000000005,21054,0.018998765080269785,25.0
94606,4,1,3236.125,41876,0.009552010698251982,25.0
94605,4,0,2193.9474999999998,42854,0.00933401782797405,0.0
94603,4,1,4700.8475,31392,0.012742099898063202,25.0
94602,4,2,3328.7275,28900,0.01384083044982699,50.0
94601,4,3,2285.505,54876,0.007289161017566878,75.0
94599,4,0,2677.1225,2873,0.13922728854855554,0.0
94598,4,1,3170.7124999999996,26022,0.015371608638844054,25.0
94596,4,2,2095.9925000000003,40917,0.009775887772808368,50.0
94595,4,1,2420.83,18024,0.022192632046160673,25.0
94592,4,0,2532.9375,159,2.515723270440252,0.0
94591,4,0,3153.6400000000003,51665,0.007742185231781671,0.0
94590,4,2,1758.4125000000001,37218,0.010747487774732657,50.0
94589,4,1,1642.7700000000002,42209,0.009476651898884124,25.0
94588,4,2,3466.9825,28568,0.014001680201624195,50.0
94710,4,1,5277.9375,8157,0.0490376363859262,25.0
94709,4,1,1342.955,10147,0.039420518379816694,25.0
94708,4,1,1724.98,10737,0.03725435410263575,25.0
94707,4,1,2661.3475,11889,0.03364454537808058,25.0
94706,4,2,3947.08,15882,0.02518574486840448,50.0
94705,4,1,3193.6475,12448,0.032133676092544985,25.0
94704,4,2,1192.185,21205,0.01886347559537845,50.0
94703,4,2,3068.5925,19763,0.020239842129231394,50.0
94702,4,0,1908.2549999999999,15638,0.02557871850620284,0.0
94621,4,0,2695.36,30751,0.013007707066436863,0.0
94619,4,1,1681.2375000000002,24518,0.016314544416347176,25.0
94618,4,1,1555.3525,15438,0.02591009198082653,25.0
94612,4,0,2353.8725,11702,0.03418219107844813,0.0
94611,4,2,3463.6225000000004,36517,0.0109538023386368,50.0
94610,4,0,1662.505,29964,0.013349352556401014,0.0
94609,4,1,3976.9449999999997,21097,0.018960041712091768,25.0
94930,4,0,4191.6475,8486,0.047136460051850106,0.0
94929,4,0,2929.8,330,1.2121212121212122,0.0
94928,4,1,2155.39,42544,0.009402030838661151,25.0
94925,4,1,2891.7549999999997,9038,0.04425757911042266,25.0
94924,4,1,1417.3199999999997,1573,0.25429116338207247,25.0
94923,4,1,4886.36,1785,0.22408963585434172,25.0
94922,4,0,2156.2475,584,0.684931506849315,0.0
94920,4,0,2455.145,13065,0.030616150019135095,0.0
94904,4,1,3024.985,12010,0.03330557868442965,25.0
94903,4,2,3824.36,28403,0.014083019399359223,50.0
94901,4,2,4640.24,40239,0.009940604885807301,50.0
94806,4,1,2581.9224999999997,55720,0.007178750897343863,25.0
94805,4,2,4293.785,13984,0.028604118993135013,50.0
94804,4,1,3668.2675,39089,0.010233057893525034,25.0
94803,4,1,3162.8374999999996,25399,0.015748651521713453,25.0
94801,4,1,5517.01,28450,0.0140597539543058,25.0
94956,4,1,1478.23,1885,0.21220159151193632,25.0
94954,4,0,2645.3725,35419,0.011293373613032552,0.0
94952,4,0,3005.1875,31930,0.01252740369558409,0.0
94951,4,0,3825.06,3777,0.10590415673815197,0.0
94950,4,1,4381.1475,248,1.6129032258064515,25.0
94949,4,2,3376.02,13361,0.029937878901279844,50.0
94947,4,1,2963.465,24741,0.016167495250798268,25.0
94946,4,1,3122.1225,607,0.6589785831960462,25.0
94945,4,3,1655.775,16429,0.02434719094284497,75.0
94941,4,1,1466.23,28727,0.013924182824520487,25.0
94940,4,2,1586.8850000000002,406,0.9852216748768473,50.0
94939,4,2,2763.1925,6773,0.059058024509080174,50.0
94938,4,0,2652.575,821,0.48721071863580995,0.0
94937,4,1,872.875,1004,0.398406374501992,25.0
94933,4,1,1309.6075,1025,0.3902439024390244,25.0
94931,4,2,2211.235,7936,0.05040322580645161,50.0
95010,4,1,1927.94,9673,0.041352217512664116,25.0
95008,4,1,6294.4625,44976,0.008893632159373888,25.0
95007,4,0,3016.0625,1007,0.3972194637537239,0.0
95006,4,4,3951.755,10520,0.03802281368821293,100.0
95005,4,1,4012.6724999999997,6407,0.062431715311378186,25.0
95004,4,1,4334.79,3373,0.11858879335902757,25.0
95003,4,1,1191.4724999999999,24227,0.016510504808684528,25.0
95002,4,1,994.8375000000001,2147,0.18630647414997673,25.0
94973,4,1,2778.83,1449,0.27605244996549344,25.0
94972,4,1,2552.64,66,6.0606060606060606,25.0
94971,4,1,1327.635,384,1.0416666666666665,25.0
94970,4,1,1663.9475,781,0.5121638924455826,25.0
94965,4,3,1765.585,11213,0.035672879693213234,75.0
94964,4,0,2844.3025,6448,0.062034739454094295,0.0
94963,4,0,1733.8125,548,0.7299270072992701,0.0
94960,4,2,2912.93,16849,0.023740281322333672,50.0
95046,4,1,3609.125,5671,0.07053429730206312,25.0
95045,4,1,1350.3875,3402,0.11757789535567313,25.0
95043,4,0,2540.87,813,0.4920049200492005,0.0
95041,4,0,4418.3150000000005,77,5.194805194805195,0.0
95039,4,1,5362.6224999999995,899,0.44493882091212456,25.0
95037,4,2,2911.1200000000003,41707,0.009590716186731244,50.0
95035,4,1,5978.365,62848,0.0063645621181262725,25.0
95033,4,0,3612.2799999999997,10172,0.039323633503735744,0.0
95032,4,2,1714.52,24443,0.01636460336292599,50.0
95030,4,2,857.7450000000001,13290,0.030097817908201655,50.0
95020,4,1,2377.265,49968,0.008005123278898494,25.0
95019,4,1,3438.3525,4753,0.08415737428992215,25.0
95018,4,1,2286.68,8728,0.045829514207149404,25.0
95017,4,2,1839.7350000000001,857,0.4667444574095682,50.0
95014,4,2,3362.245,54431,0.007348753467693043,50.0
95012,4,0,3605.575,8582,0.04660918200885575,0.0
95116,4,2,2855.8549999999996,51706,0.007736046106834796,50.0
95113,4,1,3626.3999999999996,561,0.7130124777183601,25.0
95112,4,1,4007.685,52334,0.007643214736118012,25.0
95111,4,1,1471.93,57748,0.006926646810279144,25.0
95110,4,2,2093.6175000000003,18197,0.02198164532615266,50.0
95076,4,1,2363.5950000000003,81141,0.0049296902922073916,25.0
95073,4,0,2819.075,9823,0.04072075740608776,0.0
95070,4,0,3825.2625,30589,0.013076596162019026,0.0
95066,4,0,3644.8625,14574,0.02744613695622341,0.0
95065,4,1,2945.175,8365,0.04781829049611477,25.0
95064,4,0,2380.205,4563,0.08766162612316458,0.0
95062,4,1,1400.935,36631,0.010919712811553055,25.0
95060,4,2,980.855,43192,0.009260974254491572,50.0
95054,4,1,2872.07,13031,0.03069603253779449,25.0
95051,4,0,1116.345,52986,0.007549163930094743,0.0
95050,4,2,3380.99,36349,0.011004429282786322,50.0
95132,4,1,1704.6225,40568,0.0098599881680142,25.0
95131,4,1,2020.6025,26389,0.01515783091439615,25.0
95130,4,1,2182.79,13481,0.029671389362806916,25.0
95129,4,2,3042.04,37570,0.010646792653713068,50.0
95128,4,1,3144.34,32804,0.01219363492257042,25.0
95127,4,3,1318.105,60620,0.006598482349059716,75.0
95126,4,1,3363.4125000000004,27023,0.014802205528623765,25.0
95125,4,1,2646.7725,46185,0.008660820612753058,25.0
95124,4,0,4107.975,45257,0.008838411737410786,0.0
95123,4,1,3613.0299999999997,59632,0.006707807888382077,25.0
95122,4,0,2565.4225,59841,0.006684380274393811,0.0
95121,4,2,2920.385,37127,0.010773830366040887,50.0
95120,4,1,3135.1025,37090,0.010784578053383662,25.0
95119,4,0,1678.2575,10155,0.03938946331856229,0.0
95118,4,0,3786.8325,31926,0.01252897325064211,0.0
95117,4,1,6648.99,29914,0.013371665440930667,25.0
95210,4,1,5253.055,40611,0.009849548151978528,25.0
95209,4,3,3307.6549999999997,30814,0.012981112481339652,75.0
95207,4,1,3498.325,49965,0.008005603922745921,25.0
95206,4,1,1610.0525,49657,0.008055259077270073,25.0
95205,4,0,3591.4175000000005,34138,0.011717148046165563,0.0
95204,4,1,772.1700000000001,30476,0.0131250820317627,25.0
95203,4,0,1704.78,16357,0.024454362046830103,0.0
95202,4,2,2543.5699999999997,7071,0.0565690849950502,50.0
95148,4,0,3051.225,44103,0.009069677799696165,0.0
95140,4,0,5919.8375,38,10.526315789473683,0.0
95139,4,1,3546.96,7023,0.056955716930086865,25.0
95138,4,0,3874.4474999999998,14792,0.027041644131963225,0.0
95136,4,1,2620.5075,36944,0.010827197921177999,25.0
95135,4,3,950.3875,15798,0.0253196607165464,75.0
95134,4,1,2654.0649999999996,9657,0.041420731075903494,25.0
95133,4,0,2987.83,26032,0.015365703749231713,0.0
95236,4,1,1590.3075,3148,0.12706480304955528,25.0
95233,4,2,4312.797500000001,335,1.1940298507462688,50.0
95232,4,2,2967.45,21,19.047619047619047,50.0
95231,4,1,3973.0875,5094,0.07852375343541422,25.0
95230,4,0,3071.295,596,0.6711409395973155,0.0
95228,4,0,3336.7525000000005,2633,0.1519179642992784,0.0
95227,4,1,3297.5375,722,0.554016620498615,25.0
95226,4,1,3782.455,75,5.333333333333334,25.0
95225,4,0,3044.9325,27,14.814814814814813,0.0
95224,4,1,1143.1725000000001,115,3.4782608695652173,25.0
95223,4,1,303.9025,5159,0.07753440589261484,25.0
95222,4,2,1673.89,4264,0.09380863039399624,50.0
95220,4,3,4526.99,6317,0.06332119677061897,75.0
95219,4,1,2454.84,19109,0.020932544874143075,25.0
95215,4,0,2264.8225,23789,0.01681449409390895,0.0
95212,4,2,2482.0,6951,0.05754567688102431,50.0
95303,4,1,2028.425,809,0.4944375772558714,25.0
95301,4,2,1136.9725,27808,0.014384349827387802,50.0
95258,4,1,2659.0825,4176,0.09578544061302681,25.0
95257,4,0,1953.2224999999999,435,0.9195402298850575,0.0
95255,4,1,937.3425,2198,0.18198362147406735,25.0
95254,4,1,2086.5725,304,1.3157894736842104,25.0
95252,4,1,4767.915,11266,0.03550505947097461,25.0
95251,4,2,5300.8575,460,0.8695652173913043,50.0
95250,4,2,1960.3125,88,4.545454545454546,50.0
95249,4,0,3698.24,3930,0.10178117048346055,0.0
95247,4,1,3404.1175,4353,0.09189065012634964,25.0
95246,4,1,1469.03,1692,0.2364066193853428,25.0
95245,4,0,1881.6349999999998,2718,0.14716703458425312,0.0
95242,4,1,5338.3525,22073,0.018121687129071716,25.0
95240,4,2,1738.165,45755,0.00874221396568681,50.0
95237,4,1,5038.0375,3205,0.12480499219968799,25.0
95324,4,0,2923.465,7177,0.05573359342343597,0.0
95323,4,2,3624.4174999999996,1055,0.37914691943127965,50.0
95322,4,1,2066.34,7872,0.05081300813008131,25.0
95321,4,1,2025.17,3680,0.10869565217391304,25.0
95320,4,0,1262.1575,11474,0.03486142583231654,0.0
95318,4,0,3398.895,579,0.690846286701209,0.0
95317,4,0,3691.4500000000003,808,0.49504950495049505,0.0
95316,4,1,4412.8375,5513,0.07255577725376383,25.0
95315,4,3,3044.0325000000003,10159,0.03937395412934344,75.0
95313,4,1,3125.185,1508,0.2652519893899204,25.0
95312,4,0,3433.1225,55,7.2727272727272725,0.0
95311,4,0,4856.545,2271,0.17613386173491855,0.0
95310,4,2,3842.8,2144,0.18656716417910446,50.0
95307,4,0,2063.1975,32881,0.012165080137465405,0.0
95306,4,1,4520.887500000001,986,0.4056795131845842,25.0
95305,4,2,2249.955,167,2.3952095808383236,50.0
95348,4,2,4063.3950000000004,23100,0.017316017316017316,50.0
95346,4,1,5495.405,1278,0.3129890453834116,25.0
95345,4,0,3663.5249999999996,433,0.9237875288683602,0.0
95340,4,0,1744.2775000000001,59289,0.006746614043077131,0.0
95338,4,2,1304.5075,10226,0.03911597887737141,50.0
95337,4,0,1751.1725000000001,19867,0.02013389037096693,0.0
95336,4,0,1780.475,36738,0.010887908977080953,0.0
95335,4,1,3834.625,683,0.5856515373352855,25.0
95334,4,1,2617.2174999999997,12672,0.03156565656565657,25.0
95333,4,0,4109.1325,3256,0.12285012285012285,0.0
95330,4,2,3041.81,10834,0.036920804873546244,50.0
95329,4,1,6794.2075,1749,0.22870211549456831,25.0
95328,4,0,1673.75,2130,0.18779342723004694,0.0
95327,4,1,5285.8325,9559,0.04184538131603724,25.0
95326,4,2,1664.02,6822,0.05863383172090296,50.0
95325,4,0,1696.7375,128,3.125,0.0
95369,4,2,4672.39,1158,0.3454231433506045,50.0
95368,4,1,3382.695,12466,0.03208727739451307,25.0
95367,4,4,1904.94,16525,0.024205748865355523,100.0
95366,4,0,2984.4925000000003,12646,0.03163055511624229,0.0
95365,4,2,2080.49,4150,0.09638554216867469,50.0
95364,4,2,2906.1099999999997,235,1.702127659574468,50.0
95363,4,1,3267.88,15536,0.025746652935118432,25.0
95361,4,2,2865.87,25384,0.01575795776867318,50.0
95360,4,1,2543.4049999999997,8504,0.047036688617121354,25.0
95358,4,2,1555.81,30668,0.013042911177774879,50.0
95357,4,1,3519.2075,13343,0.029978265757325935,25.0
95356,4,2,911.6975,26055,0.01535213970447131,50.0
95355,4,2,3516.545,47613,0.008401066935500807,50.0
95354,4,1,2649.1549999999997,27135,0.014741109268472451,25.0
95351,4,1,2056.1675,47536,0.00841467519353753,25.0
95350,4,3,2253.2575,52872,0.007565441065214102,75.0
95407,4,2,3615.4125,30876,0.012955045990413265,50.0
95405,4,2,1934.08,22250,0.017977528089887642,50.0
95404,4,2,1505.2849999999999,35057,0.011409989445759763,50.0
95403,4,1,2240.8025,40270,0.009932952570151478,25.0
95401,4,2,790.2475,36125,0.011072664359861591,50.0
95388,4,1,1251.35,11463,0.034894879176480854,25.0
95386,4,2,4510.9425,8308,0.04814636494944632,50.0
95385,4,2,3749.1725,274,1.4598540145985401,50.0
95383,4,0,6019.205,4848,0.08250825082508251,0.0
95382,4,2,2834.145,24708,0.016189088554314394,50.0
95380,4,1,2397.0,40545,0.009865581452706869,25.0
95379,4,1,2799.235,3979,0.10052777079668257,25.0
95376,4,0,6010.6525,69801,0.0057305769258320085,0.0
95374,4,1,3207.4025,1960,0.20408163265306123,25.0
95372,4,2,3656.8725,1519,0.26333113890717574,50.0
95370,4,0,4654.87,25340,0.015785319652722965,0.0
95430,4,0,3669.1000000000004,187,2.13903743315508,0.0
95429,4,0,1443.9025000000001,91,4.395604395604396,0.0
95428,4,1,2634.3575,2296,0.17421602787456447,25.0
95427,4,3,711.2425,371,1.078167115902965,75.0
95426,4,1,3150.7075000000004,1591,0.251414204902577,25.0
95425,4,1,1637.145,9210,0.04343105320304018,25.0
95423,4,2,2528.0625,3684,0.10857763300760044,50.0
95422,4,2,1793.3774999999998,13485,0.029662588060808306,50.0
95421,4,0,3726.1825,1575,0.25396825396825395,0.0
95420,4,2,6128.505,333,1.2012012012012012,50.0
95417,4,2,546.2950000000001,176,2.272727272727273,50.0
95415,4,0,5649.75,1374,0.2911208151382824,0.0
95412,4,1,2863.7425000000003,747,0.535475234270415,25.0
95410,4,0,2134.03,1054,0.3795066413662239,0.0
95409,4,2,1353.605,25718,0.01555330896648262,50.0
95453,4,1,1848.1925,11180,0.03577817531305903,25.0
95452,4,0,5008.47,1653,0.24198427102238357,0.0
95451,4,0,7288.5075,9902,0.04039587962027873,0.0
95450,4,1,2057.4175,438,0.91324200913242,25.0
95449,4,1,2319.9425,1373,0.29133284777858703,25.0
95448,4,1,4500.5,17979,0.02224817843039101,25.0
95446,4,1,5706.8125,4913,0.08141664970486465,25.0
95445,4,1,6794.21,1916,0.20876826722338201,25.0
95444,4,1,2657.54,390,1.0256410256410255,25.0
95443,4,0,2575.8175,175,2.2857142857142856,0.0
95442,4,1,2773.6925,4101,0.0975371860521824,25.0
95441,4,0,3284.4950000000003,2349,0.17028522775649213,0.0
95439,4,2,4242.7725,476,0.8403361344537815,50.0
95437,4,0,4493.475,14417,0.02774502323645696,0.0
95436,4,0,3925.0625,6216,0.06435006435006435,0.0
95432,4,1,2774.6525,383,1.0443864229765014,25.0
95471,4,1,3919.125,298,1.342281879194631,25.0
95470,4,1,3903.285,5995,0.06672226855713094,25.0
95469,4,0,5768.515,1884,0.21231422505307856,0.0
95468,4,1,3781.38,1352,0.2958579881656805,25.0
95466,4,1,3149.765,1113,0.3593890386343217,25.0
95465,4,0,5931.97,1880,0.2127659574468085,0.0
95464,4,2,2464.84,2223,0.1799370220422852,50.0
95463,4,1,3137.1175000000003,148,2.7027027027027026,25.0
95462,4,0,7164.885,1537,0.2602472348731295,0.0
95461,4,0,4463.6025,7789,0.05135447425856978,0.0
95460,4,2,1130.4825,2229,0.1794526693584567,50.0
95459,4,0,7016.7325,586,0.6825938566552902,0.0
95458,4,1,3446.12,3002,0.13324450366422386,25.0
95457,4,0,3480.9300000000003,2644,0.15128593040847202,0.0
95456,4,0,2176.51,882,0.45351473922902497,0.0
95454,4,1,5045.38,2706,0.14781966001478197,25.0
95521,4,0,3259.9375,19596,0.020412329046744233,0.0
95519,4,2,6144.73,15921,0.02512404999685949,50.0
95514,4,0,1818.415,199,2.0100502512562812,0.0
95511,4,1,3885.3824999999997,261,1.532567049808429,25.0
95503,4,1,2766.7174999999997,23570,0.01697072549851506,25.0
95501,4,1,1486.8675,23224,0.01722356183258698,25.0
95497,4,2,3934.6475,752,0.5319148936170213,50.0
95494,4,1,4279.695,335,1.1940298507462688,25.0
95493,4,1,2772.695,240,1.6666666666666667,25.0
95492,4,0,3457.9925,23701,0.01687692502426058,0.0
95490,4,0,3486.615,13472,0.02969121140142518,0.0
95488,4,1,4524.1975,309,1.2944983818770228,25.0
95485,4,0,4193.3425,2344,0.17064846416382254,0.0
95482,4,1,4441.28,30988,0.01290822253775655,25.0
95476,4,1,2985.9075000000003,34314,0.011657049600746051,25.0
95472,4,0,3009.135,31266,0.012793449753726092,0.0
95550,4,1,883.1675,155,2.5806451612903225,25.0
95549,4,0,4125.4725,264,1.5151515151515151,0.0
95548,4,1,5027.6525,1215,0.3292181069958848,25.0
95547,4,2,4138.1525,1201,0.33305578684429643,50.0
95546,4,1,2782.5025000000005,3041,0.1315356790529431,25.0
95545,4,1,6162.9400000000005,82,4.878048780487805,25.0
95543,4,1,3235.965,532,0.7518796992481203,25.0
95542,4,1,2270.2724999999996,2423,0.16508460586050352,25.0
95540,4,0,3608.4325,12241,0.032677068866922634,0.0
95537,4,1,2846.68,228,1.7543859649122806,25.0
95536,4,1,1895.1475,2965,0.13490725126475547,25.0
95528,4,0,2525.79,1072,0.3731343283582089,0.0
95527,4,1,2457.11,485,0.8247422680412372,25.0
95526,4,3,2301.955,695,0.5755395683453237,75.0
95525,4,2,2414.595,1584,0.25252525252525254,50.0
95524,4,2,3484.8599999999997,1689,0.2368265245707519,50.0
95569,4,0,908.7874999999999,400,1.0,0.0
95568,4,1,3455.6474999999996,202,1.9801980198019802,25.0
95567,4,4,1957.8549999999998,2020,0.19801980198019803,100.0
95565,4,0,612.5425,1125,0.35555555555555557,0.0
95564,4,1,3642.7225,395,1.0126582278481013,25.0
95563,4,1,2396.9775,660,0.6060606060606061,25.0
95562,4,3,3777.9900000000002,3284,0.12180267965895249,75.0
95560,4,1,5642.665,1851,0.21609940572663425,25.0
95559,4,0,1871.7475,163,2.4539877300613497,0.0
95558,4,1,3057.62,300,1.3333333333333335,25.0
95556,4,0,1259.3975,574,0.6968641114982579,0.0
95555,4,0,3393.1725,494,0.8097165991902834,0.0
95554,4,1,1818.9699999999998,644,0.6211180124223602,25.0
95553,4,3,3029.835,867,0.461361014994233,75.0
95552,4,0,1768.335,265,1.509433962264151,0.0
95551,4,1,218.2625,1447,0.27643400138217,25.0
95614,4,1,3827.3325000000004,3674,0.10887316276537834,25.0
95612,4,2,2467.6325,1417,0.2822865208186309,50.0
95610,4,1,4646.5225,43718,0.009149549384692804,25.0
95608,4,2,1580.945,58830,0.00679925208227095,50.0
95607,4,0,2252.9925,262,1.5267175572519083,0.0
95606,4,1,1654.295,382,1.0471204188481675,25.0
95605,4,1,1933.5049999999999,12756,0.03135779241141424,25.0
95603,4,0,5031.59,24944,0.016035920461834507,0.0
95602,4,2,2053.9275,18197,0.02198164532615266,50.0
95601,4,3,953.9175,222,1.8018018018018018,75.0
95595,4,1,3183.3450000000003,259,1.5444015444015444,25.0
95587,4,1,7486.7225,200,2.0,25.0
95585,4,0,1524.325,321,1.2461059190031152,0.0
95573,4,0,3242.8599999999997,1666,0.24009603841536614,0.0
95571,4,0,1701.99,270,1.4814814814814816,0.0
95570,4,2,2922.255,2369,0.16884761502743773,50.0
95632,4,1,2327.3725,24194,0.01653302471687195,25.0
95631,4,0,3319.5125,5714,0.07000350017500875,0.0
95630,4,2,4444.9974999999995,51855,0.007713817375373638,50.0
95629,4,0,1441.475,850,0.4705882352941176,0.0
95628,4,2,2159.9425,40750,0.0098159509202454,50.0
95627,4,0,2244.895,2756,0.14513788098693758,0.0
95626,4,2,4043.58,6197,0.06454736162659351,50.0
95625,4,2,1451.2275,171,2.3391812865497075,50.0
95624,4,2,2211.215,38534,0.01038044324492656,50.0
95623,4,1,2425.9575,4097,0.0976324139614352,25.0
95621,4,0,5059.4275,41636,0.009607070804111826,0.0
95620,4,1,1531.3225000000002,18529,0.02158778131577527,25.0
95619,4,2,1579.1225,4426,0.09037505648441031,50.0
95618,4,2,2443.0525000000002,648,0.6172839506172839,50.0
95616,4,2,1318.7549999999999,67411,0.005933749684769548,50.0
95615,4,0,1851.3675,699,0.5722460658082975,0.0
95653,4,1,1522.5475,844,0.47393364928909953,25.0
95651,4,2,3596.14,485,0.8247422680412372,50.0
95650,4,1,4260.21,11191,0.03574300777410419,25.0
95648,4,0,6172.827499999999,15286,0.026167735182519955,0.0
95646,4,1,2306.6825,129,3.10077519379845,25.0
95645,4,1,4256.955,1793,0.2230897936419409,25.0
95642,4,3,1426.8225,6202,0.06449532408900355,75.0
95641,4,1,2883.7925,2010,0.1990049751243781,25.0
95640,4,0,5883.41,9752,0.04101722723543889,0.0
95639,4,1,6022.545,213,1.8779342723004695,25.0
95638,4,1,2833.8675,1745,0.2292263610315186,25.0
95637,4,2,4354.0375,228,1.7543859649122806,50.0
95636,4,3,4999.6725,659,0.6069802731411229,75.0
95635,4,2,2982.005,1140,0.3508771929824561,50.0
95634,4,0,2858.335,2723,0.14689680499449137,0.0
95633,4,2,2391.465,2536,0.15772870662460567,50.0
95673,4,1,2306.415,14010,0.028551034975017847,25.0
95672,4,1,2798.3399999999997,3815,0.10484927916120576,25.0
95670,4,1,3971.83,49729,0.008043596291902108,25.0
95669,4,2,4009.0025000000005,2220,0.18018018018018017,50.0
95668,4,2,4847.955,901,0.4439511653718091,50.0
95667,4,0,1181.285,34146,0.011714402858314297,0.0
95666,4,1,5542.9125,5501,0.07271405199054717,25.0
95665,4,1,3162.85,4354,0.09186954524575103,25.0
95664,4,1,1061.0025,1173,0.3410059676044331,25.0
95663,4,1,3508.62,2048,0.1953125,25.0
95662,4,3,5336.860000000001,32040,0.012484394506866416,75.0
95661,4,1,5541.7325,25173,0.01589004091685536,25.0
95660,4,0,3990.5675,32202,0.012421588721197441,0.0
95659,4,1,3143.9475,751,0.5326231691078562,25.0
95658,4,1,1829.625,6096,0.06561679790026247,25.0
95655,4,2,1996.8925,929,0.4305705059203444,50.0
95692,4,3,1053.195,3600,0.1111111111111111,75.0
95691,4,0,6121.889999999999,19050,0.02099737532808399,0.0
95690,4,2,2034.1475,2344,0.17064846416382254,50.0
95689,4,0,3907.3374999999996,1273,0.3142183817753339,0.0
95688,4,1,1790.5874999999999,32564,0.012283503255128362,25.0
95687,4,0,4326.665,63157,0.006333423056826638,0.0
95686,4,2,3269.0225,1472,0.2717391304347826,50.0
95685,4,1,2899.4424999999997,4610,0.08676789587852494,25.0
95684,4,0,5725.0925,2958,0.1352265043948614,0.0
95683,4,2,2865.705,4731,0.08454872120059184,50.0
95682,4,0,4271.6025,24738,0.016169455897809038,0.0
95681,4,1,3678.6875,1219,0.3281378178835111,25.0
95678,4,2,4254.9275,30614,0.013065917554060233,50.0
95677,4,0,4291.21,21510,0.018596001859600187,0.0
95675,4,0,1453.0275,364,1.098901098901099,0.0
95674,4,1,1270.435,947,0.42238648363252373,25.0
95735,4,0,3322.7125,25,16.0,0.0
95728,4,2,2568.41,88,4.545454545454546,50.0
95726,4,1,3442.6850000000004,8577,0.04663635303719249,25.0
95722,4,2,3014.6,3747,0.10675206832132372,50.0
95721,4,1,3734.4875,69,5.797101449275362,25.0
95720,4,1,2020.4025000000001,183,2.185792349726776,25.0
95717,4,0,3813.43,407,0.9828009828009828,0.0
95715,4,1,4363.42,185,2.1621621621621623,25.0
95714,4,2,1398.3025,350,1.1428571428571428,50.0
95713,4,1,823.51,8525,0.0469208211143695,25.0
95709,4,1,1857.3075,4829,0.08283288465520812,25.0
95703,4,1,4183.3575,1526,0.2621231979030144,25.0
95701,4,0,2372.54,751,0.5326231691078562,0.0
95695,4,1,2690.5625,38547,0.010376942433911848,25.0
95694,4,2,3925.1974999999998,8406,0.04758505829169641,50.0
95693,4,1,4685.885,5889,0.06792324673119375,25.0
95821,4,1,2070.2725,35426,0.011291142099023316,25.0
95820,4,1,4057.3325,37031,0.01080176068699198,25.0
95819,4,1,1608.7675,15975,0.025039123630672927,25.0
95818,4,1,1485.0975,21313,0.018767888143386667,25.0
95817,4,1,3898.6699999999996,14966,0.026727248429774156,25.0
95816,4,0,4168.7675,16164,0.024746349913387776,0.0
95815,4,2,2839.68,25355,0.015775981068822716,50.0
95814,4,1,1876.92,16599,0.024097837219109585,25.0
95776,4,2,781.1324999999999,15022,0.026627612834509387,50.0
95765,4,0,4054.8625,15494,0.0258164450755131,0.0
95762,4,0,2063.2225,22028,0.018158707100054475,0.0
95758,4,2,5261.1975,47065,0.008498884521406565,50.0
95747,4,0,4739.9625,25418,0.015736879376819578,0.0
95746,4,1,1443.5975,20675,0.019347037484885126,25.0
95742,4,2,3063.9925,299,1.3377926421404682,50.0
95736,4,1,1717.6,31,12.903225806451612,25.0
95838,4,3,2713.3424999999997,34894,0.011463288817561758,75.0
95837,4,1,5286.0125,264,1.5151515151515151,25.0
95835,4,2,3075.92,854,0.468384074941452,50.0
95834,4,0,1999.3325,8403,0.04760204688801618,0.0
95833,4,0,2949.445,31422,0.012729934440837629,0.0
95832,4,0,3498.54,9063,0.044135495972635996,0.0
95831,4,2,2182.48,42832,0.009338812103100487,50.0
95830,4,0,3665.4975000000004,592,0.6756756756756757,0.0
95829,4,1,3522.3225,11396,0.0351000351000351,25.0
95828,4,2,3565.63,54880,0.007288629737609329,50.0
95827,4,1,6238.4825,19611,0.02039671612870328,25.0
95826,4,1,1219.2775,38818,0.010304497913339173,25.0
95825,4,1,4531.685,30715,0.013022952954582452,25.0
95824,4,1,6221.405000000001,30580,0.013080444735120994,25.0
95823,4,1,3790.5825000000004,72199,0.005540242939652904,25.0
95822,4,0,3036.1625,44683,0.008951950406194748,0.0
95923,4,2,2425.9175,86,4.651162790697675,50.0
95922,4,1,5207.45,632,0.6329113924050633,25.0
95920,4,1,3765.0699999999997,303,1.3201320132013201,25.0
95919,4,1,2882.1825,1237,0.32336297493936944,25.0
95918,4,1,2939.6825,1477,0.2708192281651997,25.0
95917,4,0,2585.065,3169,0.12622278321236985,0.0
95916,4,0,5011.4175,1279,0.3127443315089914,0.0
95914,4,2,2374.065,626,0.6389776357827476,50.0
95912,4,1,5794.88,4796,0.08340283569641367,25.0
95910,4,0,1082.0525,118,3.389830508474576,0.0
95903,4,1,2981.0550000000003,5654,0.07074637424831977,25.0
95901,4,0,2366.3125,38091,0.010501168254968366,0.0
95864,4,1,2671.0375,23362,0.017121821761835458,25.0
95843,4,2,2421.6475,36432,0.010979358805445762,50.0
95842,4,1,2760.1,31373,0.01274981672138463,25.0
95841,4,0,3410.1975,20993,0.019053970371076073,0.0
95945,4,0,1628.67,23990,0.016673614005835762,0.0
95944,4,0,5017.055,76,5.263157894736842,0.0
95943,4,0,3966.4500000000003,1454,0.2751031636863824,0.0
95942,4,1,2007.0625,1351,0.2960769800148038,25.0
95941,4,1,4212.295,452,0.8849557522123894,25.0
95939,4,1,1858.43,587,0.6814310051107325,25.0
95938,4,0,4276.65,3524,0.11350737797956867,0.0
95937,4,2,1449.0275000000001,19,21.052631578947366,50.0
95936,4,1,2515.975,404,0.9900990099009901,25.0
95935,4,2,4525.8975,614,0.6514657980456027,50.0
95934,4,1,2767.615,178,2.247191011235955,25.0
95932,4,1,3533.1724999999997,7503,0.053312008529921365,25.0
95930,4,1,2215.715,282,1.4184397163120568,25.0
95928,4,2,3114.225,32848,0.012177301509985387,50.0
95926,4,1,2130.9325,35808,0.011170688114387846,25.0
95925,4,2,2407.8275,262,1.5267175572519083,50.0
95963,4,1,3751.6000000000004,13706,0.029184298847220194,25.0
95962,4,0,4764.55,1519,0.26333113890717574,0.0
95961,4,1,3399.2775,6439,0.06212144742972511,25.0
95960,4,0,2519.885,565,0.7079646017699115,0.0
95959,4,1,698.46,17269,0.023162893045341363,25.0
95957,4,0,3161.85,776,0.5154639175257731,0.0
95956,4,1,3419.855,301,1.3289036544850499,25.0
95955,4,1,3097.95,1146,0.34904013961605584,25.0
95954,4,1,2287.86,11168,0.03581661891117478,25.0
95953,4,1,2742.145,8695,0.04600345025876941,25.0
95951,4,1,2101.7374999999997,1931,0.20714655618850336,25.0
95950,4,3,1676.43,531,0.7532956685499058,75.0
95949,4,2,1393.5349999999999,17922,0.022318937618569356,50.0
95948,4,1,3843.2575,9763,0.04097101300829663,25.0
95947,4,0,3301.0074999999997,2064,0.1937984496124031,0.0
95946,4,0,1866.96,9752,0.04101722723543889,0.0
95984,4,4,363.39500000000004,73,5.47945205479452,100.0
95983,4,1,2461.5225,513,0.7797270955165692,25.0
95982,4,1,4635.115,3193,0.1252740369558409,25.0
95981,4,2,2441.84,101,3.9603960396039604,50.0
95979,4,0,4750.8525,844,0.47393364928909953,0.0
95978,4,0,2665.715,28,14.285714285714285,0.0
95977,4,0,1394.3375,963,0.4153686396677051,0.0
95975,4,2,2939.2675,1601,0.24984384759525297,50.0
95974,4,0,1242.8875,74,5.405405405405405,0.0
95973,4,0,3285.9675,26971,0.014830744132586855,0.0
95971,4,3,874.7175,6189,0.06463079657456779,75.0
95970,4,2,3581.2425,495,0.8080808080808081,50.0
95969,4,0,3624.3325,28318,0.014125291334133767,0.0
95968,4,1,4046.4674999999997,1254,0.3189792663476874,25.0
95966,4,2,646.88,28382,0.014093439503910928,50.0
95965,4,0,2859.785,17782,0.022494657518839275,0.0
96014,4,1,4517.8925,290,1.3793103448275863,25.0
96013,4,2,3220.325,4552,0.08787346221441124,50.0
96011,4,2,3457.25,265,1.509433962264151,50.0
96010,4,0,4955.782499999999,269,1.486988847583643,0.0
96009,4,1,5626.2825,595,0.6722689075630253,25.0
96008,4,1,933.7025,899,0.44493882091212456,25.0
96007,4,2,1312.1225,21418,0.01867588010084975,50.0
96006,4,2,1384.845,615,0.6504065040650406,50.0
96003,4,0,2073.605,41476,0.009644131545954287,0.0
96002,4,1,3541.695,30338,0.013184784758388818,25.0
96001,4,1,959.42,31586,0.012663838409421896,25.0
95993,4,2,1430.82,27786,0.014395738861297056,50.0
96126,4,2,651.4375,227,1.762114537444934,50.0
96017,4,2,3475.5675,228,1.7543859649122806,50.0
96016,4,1,5619.305,344,1.1627906976744187,25.0
96015,4,1,784.46,417,0.9592326139088728,25.0
96124,4,0,3807.525,322,1.2422360248447204,0.0
96121,4,0,6232.405,481,0.8316008316008316,0.0
96120,4,0,3662.005,957,0.41797283176593525,0.0
96119,4,0,2925.9049999999997,85,4.705882352941177,0.0
96118,4,0,1614.9325,1822,0.21953896816684962,0.0
96117,4,0,3683.4300000000003,385,1.0389610389610389,0.0
96114,4,0,4099.075,3093,0.12932428063368898,0.0
96113,4,0,3924.6325,946,0.42283298097251587,0.0
96110,4,2,59.6425,132,3.0303030303030303,50.0
96109,4,1,3527.8175,1177,0.33984706881903143,25.0
95991,4,0,3036.135,34967,0.011439357108130523,0.0
95988,4,1,2943.9350000000004,8812,0.04539264639128461,25.0
92101,4,0,1657.2350000000001,27505,0.014542810398109434,0.0
92091,4,0,2142.0225,1072,0.3731343283582089,0.0
92083,4,0,2080.2625,62036,0.0064478689793023404,0.0
92066,4,0,5962.32,339,1.1799410029498525,0.0
92065,4,0,4449.815,33104,0.01208313194780087,0.0
92059,4,1,3681.6825,1831,0.21845985800109227,25.0
90010,4,2,1779.3325,1957,0.2043944813490036,50.0
96146,4,0,1956.3449999999998,942,0.42462845010615713,0.0
96143,4,1,2596.8875,4806,0.08322929671244278,25.0
96140,4,2,4605.0925,1943,0.2058672156459084,50.0
96137,4,2,1458.76,4158,0.0962000962000962,50.0
96136,4,1,2195.335,162,2.4691358024691357,25.0
96134,4,0,1727.335,2595,0.15414258188824664,0.0
96132,4,1,2079.075,72,5.555555555555555,25.0
96130,4,2,2381.8825,19440,0.0205761316872428,50.0
96128,4,0,1406.675,408,0.9803921568627451,0.0
96133,3,0,5333.66,116,2.586206896551724,0.0
96141,3,1,607.94,858,0.34965034965034963,33.33333333333333
96142,3,1,4728.8533333333335,1291,0.23237800154918667,33.33333333333333
96145,3,0,4990.156666666667,4002,0.07496251874062969,0.0
93437,3,2,3313.98,6165,0.04866180048661801,66.66666666666666
93501,3,1,4830.2733333333335,4882,0.061450225317492835,33.33333333333333
92338,3,2,2405.726666666667,23,13.043478260869565,66.66666666666666
93292,3,1,4373.8,30395,0.009870044415199869,33.33333333333333
93440,3,1,2985.8233333333333,1328,0.2259036144578313,33.33333333333333
93445,3,1,6797.483333333334,7435,0.04034969737726967,33.33333333333333
93405,3,0,3393.623333333333,31982,0.009380276405478082,0.0
93449,3,1,792.7066666666666,8564,0.03503035964502569,33.33333333333333
93436,3,1,3133.543333333333,51737,0.005798558091887817,33.33333333333333
93285,3,0,1773.6499999999999,2515,0.11928429423459246,0.0
92346,3,0,397.88000000000005,48245,0.006218260959684942,0.0
92341,3,1,2851.806666666667,317,0.9463722397476341,33.33333333333333
93311,3,0,4214.526666666668,20440,0.014677103718199608,0.0
92374,3,1,1125.5866666666668,36675,0.008179959100204498,33.33333333333333
92311,3,0,7555.813333333334,31293,0.009586808551433228,0.0
92257,3,0,4013.89,2753,0.10897203051216856,0.0
92316,3,1,2536.5033333333336,25995,0.011540680900173109,33.33333333333333
92314,3,1,770.6199999999999,9899,0.0303060915243964,33.33333333333333
96116,3,0,4834.566666666667,277,1.083032490974729,0.0
91905,3,0,1667.4799999999998,1509,0.19880715705765406,0.0
92061,3,1,1820.36,2615,0.11472275334608031,33.33333333333333
92210,3,2,2190.82,3873,0.0774593338497289,66.66666666666666
92103,3,1,2209.79,30202,0.009933117012118403,33.33333333333333
92211,3,2,2052.9266666666667,19702,0.015226880519744187,66.66666666666666
92104,3,1,2909.1433333333334,47689,0.006290758875212313,33.33333333333333
92106,3,0,1358.2233333333334,18525,0.016194331983805668,0.0
96101,3,0,606.4433333333334,5096,0.05886970172684458,0.0
92108,3,1,2407.9733333333334,11650,0.025751072961373394,33.33333333333333
96086,3,1,3526.72,332,0.9036144578313252,33.33333333333333
96087,3,0,6459.34,528,0.5681818181818182,0.0
92056,3,0,3335.5933333333337,52895,0.0056716135740618205,0.0
96092,3,1,2927.42,439,0.683371298405467,33.33333333333333
92060,3,1,4765.643333333333,234,1.282051282051282,33.33333333333333
92057,3,1,3566.5466666666666,46893,0.006397543343356151,33.33333333333333
96123,3,0,3275.5433333333335,61,4.918032786885246,0.0
96122,3,0,4678.276666666667,4236,0.0708215297450425,0.0
96108,3,0,2329.3366666666666,104,2.8846153846153846,0.0
92071,3,0,1925.5233333333333,53510,0.005606428704914969,0.0
92082,3,0,1177.05,14575,0.020583190394511147,0.0
92014,3,1,7888.616666666666,13945,0.02151308712800287,33.33333333333333
91935,3,0,6231.543333333334,8759,0.03425048521520722,0.0
92004,3,0,2129.1966666666667,2863,0.1047851903597625,0.0
96112,3,1,6095.503333333333,231,1.2987012987012987,33.33333333333333
92105,2,0,4995.320000000001,73006,0.002739500862942772,0.0
95431,2,2,702.52,363,0.5509641873278237,100.0
93528,2,2,1117.645,207,0.966183574879227,100.0
91934,2,0,1020.035,699,0.28612303290414876,0.0
92250,2,0,2078.415,8062,0.024807740014884644,0.0
96150,2,2,1722.9,33038,0.006053635207942369,100.0
93711,1,1,681.4,36274,0.0027567955009097428,100.0
